img_name, class_name
img_02196.jpg,BET
img_07545.jpg,BET
img_01905.jpg,BET
img_05262.jpg,BET
img_03315.jpg,BET
img_01299.jpg,BET
img_06777.jpg,BET
img_01911.jpg,ALB
img_06999.jpg,ALB
img_07117.jpg,ALB
img_04579.jpg,ALB
img_02362.jpg,ALB
img_07735.jpg,ALB
img_01540.jpg,ALB
img_04078.jpg,ALB
img_02816.jpg,ALB
img_01638.jpg,ALB
img_06583.jpg,ALB
img_07559.jpg,ALB
img_06518.jpg,ALB
img_00706.jpg,ALB
img_00130.jpg,ALB
img_01645.jpg,ALB
img_02205.jpg,ALB
img_01127.jpg,ALB
img_05049.jpg,ALB
img_01763.jpg,ALB
img_04982.jpg,ALB
img_02484.jpg,ALB
img_06961.jpg,ALB
img_01163.jpg,ALB
img_01047.jpg,ALB
img_06460.jpg,ALB
img_05605.jpg,ALB
img_01682.jpg,ALB
img_03047.jpg,ALB
img_07075.jpg,ALB
img_00993.jpg,ALB
img_07730.jpg,ALB
img_01021.jpg,ALB
img_07153.jpg,ALB
img_03775.jpg,ALB
img_07207.jpg,ALB
img_01931.jpg,ALB
img_04229.jpg,ALB
img_04005.jpg,ALB
img_05566.jpg,ALB
img_02342.jpg,ALB
img_02068.jpg,ALB
img_02492.jpg,ALB
img_06307.jpg,ALB
img_06695.jpg,ALB
img_00037.jpg,ALB
img_07822.jpg,ALB
img_05694.jpg,ALB
img_06279.jpg,ALB
img_06112.jpg,ALB
img_02940.jpg,ALB
img_05090.jpg,ALB
img_02689.jpg,ALB
img_05610.jpg,ALB
img_00295.jpg,ALB
img_01006.jpg,ALB
img_01333.jpg,ALB
img_06421.jpg,ALB
img_07566.jpg,ALB
img_05886.jpg,ALB
img_02324.jpg,ALB
img_07020.jpg,ALB
img_05550.jpg,ALB
img_02477.jpg,ALB
img_04552.jpg,ALB
img_00878.jpg,ALB
img_06443.jpg,ALB
img_03680.jpg,ALB
img_00055.jpg,ALB
img_03381.jpg,ALB
img_03352.jpg,ALB
img_01734.jpg,ALB
img_07252.jpg,ALB
img_07608.jpg,ALB
img_01238.jpg,ALB
img_04528.jpg,ALB
img_06749.jpg,ALB
img_07092.jpg,ALB
img_01262.jpg,ALB
img_04513.jpg,ALB
img_04976.jpg,ALB
img_07640.jpg,ALB
img_05315.jpg,ALB
img_01489.jpg,ALB
img_05093.jpg,ALB
img_00961.jpg,ALB
img_06200.jpg,ALB
img_00722.jpg,ALB
img_04187.jpg,ALB
img_01197.jpg,ALB
img_01741.jpg,ALB
img_07773.jpg,ALB
img_01139.jpg,ALB
img_02576.jpg,ALB
img_03879.jpg,ALB
img_02108.jpg,ALB
img_04537.jpg,ALB
img_07396.jpg,ALB
img_04100.jpg,ALB
img_07222.jpg,ALB
img_02005.jpg,ALB
img_02063.jpg,ALB
img_03176.jpg,ALB
img_00823.jpg,ALB
img_07041.jpg,ALB
img_04987.jpg,ALB
img_04205.jpg,ALB
img_01282.jpg,ALB
img_05382.jpg,ALB
img_05604.jpg,ALB
img_03579.jpg,ALB
img_04904.jpg,ALB
img_01846.jpg,ALB
img_00594.jpg,ALB
img_03913.jpg,ALB
img_04340.jpg,ALB
img_03620.jpg,ALB
img_07366.jpg,ALB
img_07489.jpg,ALB
img_04023.jpg,ALB
img_03401.jpg,ALB
img_00525.jpg,ALB
img_01652.jpg,ALB
img_01240.jpg,ALB
img_00754.jpg,ALB
img_00668.jpg,ALB
img_05131.jpg,ALB
img_06588.jpg,ALB
img_03693.jpg,ALB
img_00039.jpg,ALB
img_07789.jpg,ALB
img_06381.jpg,ALB
img_05442.jpg,ALB
img_07914.jpg,ALB
img_01865.jpg,ALB
img_02030.jpg,ALB
img_07465.jpg,ALB
img_04542.jpg,ALB
img_05039.jpg,ALB
img_05283.jpg,ALB
img_02414.jpg,ALB
img_03182.jpg,ALB
img_00690.jpg,ALB
img_07461.jpg,ALB
img_00353.jpg,ALB
img_03411.jpg,ALB
img_02399.jpg,ALB
img_00970.jpg,ALB
img_01990.jpg,ALB
img_04882.jpg,ALB
img_04963.jpg,ALB
img_05970.jpg,ALB
img_04951.jpg,ALB
img_07046.jpg,ALB
img_02178.jpg,ALB
img_01023.jpg,ALB
img_02591.jpg,ALB
img_06347.jpg,ALB
img_02452.jpg,ALB
img_07136.jpg,ALB
img_07549.jpg,ALB
img_05286.jpg,ALB
img_06125.jpg,ALB
img_00156.jpg,ALB
img_06873.jpg,ALB
img_05804.jpg,ALB
img_03880.jpg,ALB
img_05057.jpg,ALB
img_01458.jpg,ALB
img_06781.jpg,ALB
img_03780.jpg,ALB
img_07459.jpg,ALB
img_02886.jpg,ALB
img_00994.jpg,ALB
img_07885.jpg,ALB
img_00193.jpg,ALB
img_02604.jpg,ALB
img_00451.jpg,ALB
img_06884.jpg,ALB
img_05562.jpg,ALB
img_07836.jpg,ALB
img_03686.jpg,ALB
img_04771.jpg,ALB
img_05523.jpg,ALB
img_01738.jpg,ALB
img_00684.jpg,ALB
img_03147.jpg,ALB
img_06591.jpg,ALB
img_02420.jpg,ALB
img_04878.jpg,ALB
img_02069.jpg,ALB
img_05823.jpg,ALB
img_05020.jpg,ALB
img_07108.jpg,ALB
img_04446.jpg,ALB
img_03904.jpg,ALB
img_02425.jpg,ALB
img_00863.jpg,ALB
img_05279.jpg,ALB
img_06215.jpg,ALB
img_07377.jpg,ALB
img_00834.jpg,ALB
img_06796.jpg,ALB
img_00568.jpg,ALB
img_07567.jpg,ALB
img_00998.jpg,ALB
img_01247.jpg,ALB
img_06670.jpg,ALB
img_01603.jpg,ALB
img_01520.jpg,ALB
img_02737.jpg,ALB
img_07912.jpg,ALB
img_04852.jpg,ALB
img_04783.jpg,ALB
img_04547.jpg,ALB
img_02537.jpg,ALB
img_02405.jpg,ALB
img_03589.jpg,ALB
img_03384.jpg,ALB
img_01074.jpg,ALB
img_05583.jpg,ALB
img_04059.jpg,ALB
img_00015.jpg,ALB
img_02725.jpg,ALB
img_04841.jpg,ALB
img_01838.jpg,ALB
img_06995.jpg,ALB
img_04248.jpg,ALB
img_05842.jpg,ALB
img_05213.jpg,ALB
img_03797.jpg,ALB
img_06062.jpg,ALB
img_06693.jpg,ALB
img_03798.jpg,ALB
img_07170.jpg,ALB
img_02340.jpg,ALB
img_04806.jpg,ALB
img_00327.jpg,ALB
img_02163.jpg,ALB
img_04307.jpg,ALB
img_00301.jpg,ALB
img_06104.jpg,ALB
img_02662.jpg,ALB
img_00762.jpg,ALB
img_02820.jpg,ALB
img_06594.jpg,ALB
img_01992.jpg,ALB
img_03827.jpg,ALB
img_06187.jpg,ALB
img_03005.jpg,ALB
img_07694.jpg,ALB
img_07232.jpg,ALB
img_00457.jpg,ALB
img_07826.jpg,ALB
img_03125.jpg,ALB
img_05507.jpg,ALB
img_04075.jpg,ALB
img_06439.jpg,ALB
img_00187.jpg,ALB
img_01398.jpg,ALB
img_00810.jpg,ALB
img_05674.jpg,ALB
img_03145.jpg,ALB
img_02019.jpg,ALB
img_05801.jpg,ALB
img_02995.jpg,ALB
img_03314.jpg,ALB
img_07083.jpg,ALB
img_01926.jpg,ALB
img_05480.jpg,ALB
img_06656.jpg,ALB
img_07271.jpg,ALB
img_02481.jpg,ALB
img_03576.jpg,ALB
img_02671.jpg,ALB
img_06758.jpg,ALB
img_07300.jpg,ALB
img_04574.jpg,ALB
img_02868.jpg,ALB
img_04874.jpg,ALB
img_01601.jpg,ALB
img_04377.jpg,ALB
img_01460.jpg,ALB
img_06301.jpg,ALB
img_01975.jpg,ALB
img_05868.jpg,ALB
img_05808.jpg,ALB
img_05237.jpg,ALB
img_04798.jpg,ALB
img_02326.jpg,ALB
img_04259.jpg,ALB
img_02605.jpg,ALB
img_01810.jpg,ALB
img_03146.jpg,ALB
img_05832.jpg,ALB
img_03569.jpg,ALB
img_07134.jpg,ALB
img_07709.jpg,ALB
img_03991.jpg,ALB
img_01271.jpg,ALB
img_06422.jpg,ALB
img_04588.jpg,ALB
img_02109.jpg,ALB
img_03063.jpg,YFT
img_02355.jpg,YFT
img_03160.jpg,YFT
img_00439.jpg,YFT
img_07609.jpg,YFT
img_07610.jpg,YFT
img_00743.jpg,YFT
img_05460.jpg,YFT
img_07208.jpg,YFT
img_00137.jpg,YFT
img_01861.jpg,YFT
img_06027.jpg,YFT
img_06920.jpg,YFT
img_02673.jpg,YFT
img_06145.jpg,YFT
img_01829.jpg,YFT
img_05737.jpg,YFT
img_02897.jpg,YFT
img_04859.jpg,YFT
img_05628.jpg,YFT
img_00217.jpg,YFT
img_06771.jpg,YFT
img_03756.jpg,YFT
img_02626.jpg,YFT
img_00997.jpg,YFT
img_07624.jpg,YFT
img_06417.jpg,YFT
img_02500.jpg,YFT
img_06763.jpg,YFT
img_02220.jpg,YFT
img_00276.jpg,YFT
img_03094.jpg,YFT
img_01323.jpg,YFT
img_04912.jpg,YFT
img_01498.jpg,YFT
img_02917.jpg,YFT
img_00641.jpg,YFT
img_00279.jpg,YFT
img_04759.jpg,YFT
img_07383.jpg,YFT
img_02597.jpg,YFT
img_01375.jpg,YFT
img_04488.jpg,YFT
img_03782.jpg,YFT
img_05781.jpg,YFT
img_07395.jpg,YFT
img_02579.jpg,YFT
img_07571.jpg,YFT
img_01189.jpg,YFT
img_03505.jpg,YFT
img_06198.jpg,YFT
img_07309.jpg,YFT
img_02387.jpg,YFT
img_06824.jpg,YFT
img_04626.jpg,YFT
img_04331.jpg,YFT
img_06822.jpg,YFT
img_01606.jpg,YFT
img_05414.jpg,YFT
img_07644.jpg,YFT
img_01539.jpg,YFT
img_06919.jpg,YFT
img_04280.jpg,YFT
img_05975.jpg,YFT
img_05088.jpg,YFT
img_02712.jpg,YFT
img_01340.jpg,YFT
img_00378.jpg,YFT
img_06094.jpg,YFT
img_00184.jpg,YFT
img_03824.jpg,YFT
img_00796.jpg,YFT
img_06374.jpg,YFT
img_06196.jpg,YFT
img_02067.jpg,YFT
img_07891.jpg,YFT
img_02592.jpg,YFT
img_05633.jpg,YFT
img_07901.jpg,YFT
img_00312.jpg,YFT
img_01241.jpg,YFT
img_07731.jpg,YFT
img_03388.jpg,YFT
img_07109.jpg,YFT
img_03062.jpg,YFT
img_03668.jpg,YFT
img_02962.jpg,YFT
img_01700.jpg,YFT
img_06567.jpg,YFT
img_04444.jpg,YFT
img_03485.jpg,YFT
img_05380.jpg,YFT
img_03460.jpg,YFT
img_07290.jpg,YFT
img_05965.jpg,YFT
img_06418.jpg,YFT
img_03585.jpg,YFT
img_01380.jpg,YFT
img_05574.jpg,YFT
img_02295.jpg,YFT
img_06576.jpg,YFT
img_06487.jpg,YFT
img_01749.jpg,YFT
img_03086.jpg,YFT
img_02308.jpg,YFT
img_06769.jpg,YFT
img_04558.jpg,YFT
img_06841.jpg,YFT
img_04977.jpg,YFT
img_03514.jpg,YFT
img_01199.jpg,YFT
img_04730.jpg,YFT
img_07369.jpg,YFT
img_05116.jpg,YFT
img_05676.jpg,YFT
img_02371.jpg,YFT
img_07752.jpg,YFT
img_04217.jpg,YFT
img_07055.jpg,YFT
img_02173.jpg,YFT
img_02247.jpg,YFT
img_01727.jpg,YFT
img_02149.jpg,YFT
img_01876.jpg,YFT
img_00118.jpg,YFT
img_07340.jpg,YFT
img_00696.jpg,YFT
img_02713.jpg,YFT
img_07017.jpg,YFT
img_01308.jpg,YFT
img_04591.jpg,YFT
img_04627.jpg,YFT
img_06729.jpg,YFT
img_03938.jpg,YFT
img_05913.jpg,YFT
img_05060.jpg,YFT
img_02853.jpg,YFT
img_03622.jpg,YFT
img_00968.jpg,YFT
img_06339.jpg,YFT
img_06053.jpg,YFT
img_04082.jpg,YFT
img_06502.jpg,YFT
img_01898.jpg,YFT
img_02165.jpg,YFT
img_03947.jpg,YFT
img_01784.jpg,YFT
img_02958.jpg,YFT
img_05024.jpg,YFT
img_04236.jpg,YFT
img_00677.jpg,YFT
img_01472.jpg,YFT
img_04041.jpg,YFT
img_07119.jpg,YFT
img_03004.jpg,YFT
img_03127.jpg,YFT
img_02450.jpg,YFT
img_06481.jpg,YFT
img_05102.jpg,YFT
img_00536.jpg,YFT
img_04364.jpg,YFT
img_02652.jpg,YFT
img_02255.jpg,YFT
img_07498.jpg,SHARK
img_03962.jpg,SHARK
img_00427.jpg,SHARK
img_05579.jpg,SHARK
img_03521.jpg,SHARK
img_03525.jpg,SHARK
img_03148.jpg,SHARK
img_05887.jpg,SHARK
img_01986.jpg,SHARK
img_03117.jpg,SHARK
img_01881.jpg,SHARK
img_02557.jpg,SHARK
img_02169.jpg,SHARK
img_06590.jpg,SHARK
img_05019.jpg,SHARK
img_06163.jpg,SHARK
img_03385.jpg,SHARK
img_04177.jpg,SHARK
img_00247.jpg,SHARK
img_04682.jpg,SHARK
img_03507.jpg,SHARK
img_06385.jpg,SHARK
img_01916.jpg,SHARK
img_02260.jpg,SHARK
img_05872.jpg,SHARK
img_06444.jpg,SHARK
img_07414.jpg,SHARK
img_00348.jpg,DOL
img_02440.jpg,DOL
img_02910.jpg,DOL
img_02772.jpg,DOL
img_02378.jpg,DOL
img_01776.jpg,DOL
img_05521.jpg,DOL
img_02341.jpg,DOL
img_03259.jpg,DOL
img_00918.jpg,DOL
img_02953.jpg,DOL
img_00689.jpg,DOL
img_02474.jpg,DOL
img_01850.jpg,DOL
img_01531.jpg,DOL
img_05165.jpg,DOL
img_01844.jpg,DOL
img_06284.jpg,DOL
img_04385.jpg,DOL
img_06012.jpg,DOL
img_05894.jpg,DOL
img_04283.jpg,DOL
img_00983.jpg,DOL
img_02936.jpg,DOL
img_03813.jpg,BET
img_07795.jpg,BET
img_06613.jpg,BET
img_01215.jpg,BET
img_04914.jpg,BET
img_01925.jpg,NoF
img_07274.jpg,NoF
img_04501.jpg,NoF
img_06375.jpg,NoF
img_07544.jpg,NoF
img_07115.jpg,NoF
img_04063.jpg,NoF
img_02394.jpg,NoF
img_06329.jpg,NoF
img_03009.jpg,NoF
img_06178.jpg,NoF
img_06951.jpg,NoF
img_06499.jpg,NoF
img_07785.jpg,ALB
img_07452.jpg,ALB
img_06323.jpg,YFT
img_05400.jpg,YFT
img_02364.jpg,YFT
img_01625.jpg,YFT
img_07025.jpg,YFT
img_05302.jpg,YFT
img_04097.jpg,YFT
img_03640.jpg,NoF
img_05800.jpg,NoF
img_01677.jpg,NoF
img_03768.jpg,NoF
img_04605.jpg,NoF
img_01701.jpg,NoF
img_05928.jpg,NoF
img_03336.jpg,NoF
img_05456.jpg,NoF
img_06051.jpg,NoF
img_01193.jpg,NoF
img_00377.jpg,NoF
img_07496.jpg,NoF
img_02997.jpg,NoF
img_00406.jpg,NoF
img_00251.jpg,NoF
img_03678.jpg,NoF
img_00326.jpg,NoF
img_06996.jpg,NoF
img_03752.jpg,NoF
img_00354.jpg,NoF
img_03531.jpg,NoF
img_05325.jpg,NoF
img_03331.jpg,NoF
img_00094.jpg,NoF
img_02805.jpg,NoF
img_01005.jpg,NoF
img_00099.jpg,NoF
img_03506.jpg,NoF
img_01906.jpg,NoF
img_07711.jpg,NoF
img_03850.jpg,NoF
img_00529.jpg,NoF
img_02164.jpg,NoF
img_04139.jpg,NoF
img_07123.jpg,NoF
img_06322.jpg,NoF
img_01411.jpg,NoF
img_02323.jpg,NoF
img_03789.jpg,NoF
img_07597.jpg,NoF
img_05993.jpg,NoF
img_00076.jpg,NoF
img_02013.jpg,NoF
img_01165.jpg,NoF
img_04828.jpg,NoF
img_06451.jpg,NoF
img_02717.jpg,NoF
img_00266.jpg,NoF
img_04166.jpg,NoF
img_07758.jpg,NoF
img_07631.jpg,NoF
img_07258.jpg,NoF
img_03849.jpg,NoF
img_01583.jpg,NoF
img_05594.jpg,NoF
img_03643.jpg,NoF
img_06495.jpg,NoF
img_03955.jpg,NoF
img_06572.jpg,NoF
img_04182.jpg,NoF
img_07411.jpg,NoF
img_03318.jpg,NoF
img_04506.jpg,NoF
img_04395.jpg,NoF
img_06309.jpg,NoF
img_00329.jpg,BET
img_04989.jpg,BET
img_00888.jpg,BET
img_05784.jpg,BET
img_05796.jpg,BET
img_00771.jpg,BET
img_02554.jpg,BET
img_01668.jpg,BET
img_07059.jpg,BET
img_04847.jpg,NoF
img_04615.jpg,NoF
img_06675.jpg,NoF
img_00904.jpg,NoF
img_00826.jpg,NoF
img_06031.jpg,NoF
img_07847.jpg,NoF
img_01120.jpg,NoF
img_00673.jpg,NoF
img_05666.jpg,NoF
img_07902.jpg,NoF
img_05178.jpg,NoF
img_06402.jpg,NoF
img_02879.jpg,NoF
img_00339.jpg,NoF
img_04590.jpg,NoF
img_02524.jpg,NoF
img_07512.jpg,NoF
img_02441.jpg,NoF
img_02329.jpg,NoF
img_00028.jpg,NoF
img_00481.jpg,NoF
img_02044.jpg,NoF
img_06970.jpg,ALB
img_06372.jpg,ALB
img_06545.jpg,ALB
img_06935.jpg,ALB
img_02263.jpg,ALB
img_05104.jpg,ALB
img_03593.jpg,ALB
img_02578.jpg,ALB
img_02229.jpg,ALB
img_06086.jpg,ALB
img_01529.jpg,ALB
img_02488.jpg,ALB
img_07081.jpg,ALB
img_01085.jpg,ALB
img_02396.jpg,ALB
img_06344.jpg,ALB
img_00901.jpg,ALB
img_06492.jpg,ALB
img_02012.jpg,ALB
img_07394.jpg,ALB
img_03851.jpg,ALB
img_05902.jpg,ALB
img_01869.jpg,ALB
img_06760.jpg,ALB
img_00957.jpg,ALB
img_03664.jpg,ALB
img_02856.jpg,ALB
img_07732.jpg,ALB
img_02875.jpg,ALB
img_03215.jpg,ALB
img_04006.jpg,ALB
img_07704.jpg,ALB
img_03860.jpg,ALB
img_07076.jpg,ALB
img_03277.jpg,ALB
img_05107.jpg,ALB
img_00237.jpg,ALB
img_02777.jpg,ALB
img_03335.jpg,ALB
img_02386.jpg,ALB
img_04098.jpg,ALB
img_05077.jpg,ALB
img_07772.jpg,ALB
img_03623.jpg,ALB
img_03123.jpg,ALB
img_07285.jpg,ALB
img_03263.jpg,ALB
img_05350.jpg,ALB
img_07851.jpg,ALB
img_02376.jpg,ALB
img_03414.jpg,ALB
img_05086.jpg,ALB
img_07668.jpg,ALB
img_05136.jpg,ALB
img_07257.jpg,ALB
img_03709.jpg,ALB
img_02623.jpg,ALB
img_03323.jpg,ALB
img_05149.jpg,ALB
img_04589.jpg,ALB
img_06804.jpg,ALB
img_02361.jpg,ALB
img_07228.jpg,ALB
img_02058.jpg,ALB
img_07423.jpg,ALB
img_05101.jpg,ALB
img_00188.jpg,ALB
img_06158.jpg,ALB
img_07554.jpg,ALB
img_04471.jpg,ALB
img_07272.jpg,ALB
img_01110.jpg,ALB
img_05032.jpg,ALB
img_02453.jpg,ALB
img_03600.jpg,ALB
img_06114.jpg,ALB
img_02328.jpg,ALB
img_07443.jpg,ALB
img_05727.jpg,ALB
img_01680.jpg,ALB
img_01514.jpg,ALB
img_03785.jpg,ALB
img_04018.jpg,ALB
img_05225.jpg,ALB
img_04630.jpg,ALB
img_02888.jpg,ALB
img_00206.jpg,ALB
img_02779.jpg,ALB
img_04848.jpg,ALB
img_05681.jpg,ALB
img_01574.jpg,ALB
img_03202.jpg,ALB
img_01590.jpg,ALB
img_00897.jpg,ALB
img_05648.jpg,ALB
img_04742.jpg,ALB
img_05027.jpg,ALB
img_04792.jpg,ALB
img_05621.jpg,ALB
img_07159.jpg,ALB
img_03391.jpg,ALB
img_02338.jpg,ALB
img_01130.jpg,ALB
img_03106.jpg,ALB
img_03990.jpg,ALB
img_06539.jpg,ALB
img_05332.jpg,ALB
img_02664.jpg,ALB
img_06633.jpg,ALB
img_00317.jpg,ALB
img_03369.jpg,ALB
img_01929.jpg,ALB
img_01273.jpg,ALB
img_07684.jpg,ALB
img_05641.jpg,ALB
img_06157.jpg,ALB
img_01001.jpg,ALB
img_02447.jpg,ALB
img_03845.jpg,ALB
img_04545.jpg,ALB
img_02774.jpg,ALB
img_06833.jpg,ALB
img_06562.jpg,ALB
img_05159.jpg,ALB
img_06512.jpg,ALB
img_07449.jpg,ALB
img_01070.jpg,ALB
img_01056.jpg,ALB
img_02468.jpg,ALB
img_00632.jpg,ALB
img_04968.jpg,ALB
img_03820.jpg,ALB
img_04345.jpg,ALB
img_04153.jpg,ALB
img_06075.jpg,ALB
img_05227.jpg,ALB
img_04349.jpg,ALB
img_01756.jpg,ALB
img_05075.jpg,ALB
img_02408.jpg,ALB
img_07113.jpg,ALB
img_00110.jpg,ALB
img_03858.jpg,ALB
img_01858.jpg,ALB
img_07071.jpg,ALB
img_07638.jpg,ALB
img_01816.jpg,ALB
img_03143.jpg,ALB
img_06527.jpg,ALB
img_02227.jpg,ALB
img_05758.jpg,ALB
img_06340.jpg,ALB
img_01660.jpg,ALB
img_00579.jpg,ALB
img_02807.jpg,ALB
img_00032.jpg,ALB
img_01313.jpg,ALB
img_03902.jpg,ALB
img_00201.jpg,ALB
img_05214.jpg,ALB
img_06175.jpg,ALB
img_00466.jpg,ALB
img_03932.jpg,ALB
img_02112.jpg,ALB
img_05183.jpg,YFT
img_01329.jpg,YFT
img_01044.jpg,OTHER
img_04992.jpg,OTHER
img_01993.jpg,OTHER
img_07922.jpg,OTHER
img_01807.jpg,OTHER
img_05711.jpg,OTHER
img_02419.jpg,OTHER
img_01866.jpg,OTHER
img_04988.jpg,OTHER
img_03979.jpg,OTHER
img_06699.jpg,OTHER
img_03917.jpg,OTHER
img_01957.jpg,OTHER
img_03267.jpg,OTHER
img_02541.jpg,OTHER
img_04253.jpg,OTHER
img_04448.jpg,OTHER
img_00485.jpg,OTHER
img_04851.jpg,OTHER
img_06719.jpg,OTHER
img_00472.jpg,OTHER
img_06093.jpg,OTHER
img_07779.jpg,OTHER
img_06651.jpg,OTHER
img_05112.jpg,OTHER
img_03873.jpg,OTHER
img_03572.jpg,OTHER
img_04820.jpg,OTHER
img_05490.jpg,OTHER
img_06419.jpg,OTHER
img_05607.jpg,OTHER
img_07770.jpg,OTHER
img_06818.jpg,OTHER
img_00262.jpg,OTHER
img_06363.jpg,OTHER
img_01175.jpg,OTHER
img_02011.jpg,OTHER
img_03243.jpg,OTHER
img_03807.jpg,OTHER
img_01522.jpg,OTHER
img_06005.jpg,OTHER
img_05753.jpg,OTHER
img_06877.jpg,OTHER
img_06584.jpg,OTHER
img_07864.jpg,OTHER
img_03066.jpg,OTHER
img_06785.jpg,OTHER
img_04371.jpg,OTHER
img_07806.jpg,OTHER
img_04948.jpg,OTHER
img_04928.jpg,OTHER
img_03716.jpg,OTHER
img_02760.jpg,OTHER
img_07077.jpg,OTHER
img_00781.jpg,OTHER
img_07042.jpg,OTHER
img_04826.jpg,OTHER
img_05540.jpg,OTHER
img_01526.jpg,OTHER
img_00397.jpg,OTHER
img_07536.jpg,OTHER
img_07840.jpg,OTHER
img_01871.jpg,OTHER
img_05860.jpg,OTHER
img_05216.jpg,OTHER
img_02051.jpg,OTHER
img_04366.jpg,OTHER
img_02543.jpg,OTHER
img_06239.jpg,OTHER
img_07503.jpg,OTHER
img_05912.jpg,OTHER
img_00862.jpg,OTHER
img_02202.jpg,OTHER
img_01982.jpg,OTHER
img_02955.jpg,OTHER
img_04484.jpg,OTHER
img_03395.jpg,OTHER
img_03246.jpg,OTHER
img_03365.jpg,OTHER
img_04012.jpg,OTHER
img_03383.jpg,OTHER
img_02353.jpg,OTHER
img_05070.jpg,OTHER
img_05082.jpg,OTHER
img_06133.jpg,OTHER
img_07365.jpg,OTHER
img_05092.jpg,OTHER
img_02198.jpg,OTHER
img_03646.jpg,OTHER
img_01428.jpg,OTHER
img_00589.jpg,OTHER
img_07405.jpg,OTHER
img_07254.jpg,OTHER
img_02331.jpg,OTHER
img_04434.jpg,OTHER
img_05954.jpg,OTHER
img_00639.jpg,OTHER
img_03022.jpg,OTHER
img_04717.jpg,OTHER
img_03951.jpg,OTHER
img_05598.jpg,OTHER
img_03526.jpg,OTHER
img_07483.jpg,OTHER
img_06740.jpg,OTHER
img_03975.jpg,OTHER
img_06382.jpg,OTHER
img_01423.jpg,OTHER
img_02792.jpg,OTHER
img_01452.jpg,OTHER
img_02715.jpg,OTHER
img_05502.jpg,OTHER
img_04494.jpg,OTHER
img_00305.jpg,OTHER
img_01697.jpg,OTHER
img_01418.jpg,OTHER
img_05715.jpg,OTHER
img_01483.jpg,OTHER
img_00434.jpg,OTHER
img_02691.jpg,OTHER
img_06149.jpg,OTHER
img_07451.jpg,OTHER
img_06863.jpg,OTHER
img_04391.jpg,OTHER
img_07279.jpg,OTHER
img_02745.jpg,OTHER
img_02407.jpg,OTHER
img_06155.jpg,OTHER
img_03076.jpg,OTHER
img_00574.jpg,OTHER
img_05274.jpg,OTHER
img_05425.jpg,OTHER
img_01692.jpg,OTHER
img_07266.jpg,OTHER
img_07220.jpg,OTHER
img_03308.jpg,OTHER
img_07305.jpg,OTHER
img_01349.jpg,OTHER
img_03191.jpg,OTHER
img_03049.jpg,OTHER
img_02084.jpg,OTHER
img_02831.jpg,OTHER
img_00412.jpg,OTHER
img_03133.jpg,OTHER
img_03298.jpg,OTHER
img_02099.jpg,OTHER
img_05114.jpg,OTHER
img_05287.jpg,OTHER
img_00368.jpg,OTHER
img_04060.jpg,OTHER
img_06136.jpg,OTHER
img_07751.jpg,OTHER
img_04592.jpg,OTHER
img_05751.jpg,OTHER
img_04751.jpg,OTHER
img_04072.jpg,OTHER
img_03163.jpg,OTHER
img_05704.jpg,OTHER
img_07743.jpg,OTHER
img_03132.jpg,OTHER
img_07729.jpg,OTHER
img_04873.jpg,OTHER
img_05223.jpg,OTHER
img_00063.jpg,OTHER
img_00814.jpg,OTHER
img_04057.jpg,OTHER
img_05834.jpg,OTHER
img_01879.jpg,OTHER
img_04123.jpg,OTHER
img_06578.jpg,OTHER
img_04556.jpg,OTHER
img_02595.jpg,OTHER
img_04702.jpg,OTHER
img_06984.jpg,OTHER
img_04396.jpg,OTHER
img_00802.jpg,OTHER
img_04565.jpg,OTHER
img_00183.jpg,OTHER
img_01356.jpg,OTHER
img_01019.jpg,OTHER
img_03841.jpg,OTHER
img_02177.jpg,OTHER
img_02959.jpg,OTHER
img_06700.jpg,OTHER
img_05345.jpg,OTHER
img_01559.jpg,OTHER
img_01327.jpg,OTHER
img_06708.jpg,OTHER
img_00267.jpg,OTHER
img_02528.jpg,OTHER
img_00332.jpg,OTHER
img_07457.jpg,OTHER
img_05756.jpg,OTHER
img_00226.jpg,OTHER
img_05895.jpg,OTHER
img_01451.jpg,OTHER
img_04380.jpg,OTHER
img_07399.jpg,OTHER
img_00821.jpg,OTHER
img_06087.jpg,OTHER
img_02511.jpg,OTHER
img_05155.jpg,OTHER
img_00851.jpg,OTHER
img_01425.jpg,OTHER
img_00127.jpg,OTHER
img_02413.jpg,OTHER
img_00359.jpg,OTHER
img_05239.jpg,OTHER
img_04530.jpg,OTHER
img_07547.jpg,OTHER
img_00721.jpg,OTHER
img_04769.jpg,OTHER
img_04880.jpg,OTHER
img_04617.jpg,OTHER
img_07923.jpg,OTHER
img_06199.jpg,OTHER
img_04680.jpg,OTHER
img_04967.jpg,OTHER
img_00631.jpg,OTHER
img_03834.jpg,OTHER
img_02942.jpg,OTHER
img_05310.jpg,OTHER
img_01664.jpg,OTHER
img_05546.jpg,OTHER
img_05141.jpg,OTHER
img_06706.jpg,OTHER
img_03530.jpg,OTHER
img_04779.jpg,OTHER
img_06105.jpg,OTHER
img_06063.jpg,OTHER
img_04064.jpg,OTHER
img_07546.jpg,OTHER
img_06028.jpg,OTHER
img_07019.jpg,OTHER
img_03070.jpg,OTHER
img_07073.jpg,OTHER
img_01080.jpg,OTHER
img_03772.jpg,OTHER
img_06463.jpg,OTHER
img_02031.jpg,OTHER
img_00261.jpg,OTHER
img_01814.jpg,OTHER
img_04495.jpg,OTHER
img_01656.jpg,OTHER
img_01400.jpg,OTHER
img_07359.jpg,OTHER
img_04238.jpg,OTHER
img_00908.jpg,OTHER
img_05997.jpg,OTHER
img_05009.jpg,OTHER
img_03389.jpg,OTHER
img_00433.jpg,OTHER
img_02360.jpg,OTHER
img_00698.jpg,OTHER
img_05133.jpg,OTHER
img_01648.jpg,OTHER
img_00263.jpg,OTHER
img_00670.jpg,OTHER
img_02874.jpg,OTHER
img_05943.jpg,OTHER
img_04685.jpg,OTHER
img_02802.jpg,OTHER
img_06111.jpg,OTHER
img_07227.jpg,OTHER
img_07916.jpg,OTHER
img_06766.jpg,OTHER
img_00691.jpg,OTHER
img_05111.jpg,OTHER
img_02160.jpg,OTHER
img_04966.jpg,OTHER
img_04652.jpg,OTHER
img_02377.jpg,OTHER
img_07415.jpg,OTHER
img_01534.jpg,OTHER
img_07139.jpg,OTHER
img_04548.jpg,OTHER
img_07570.jpg,OTHER
img_04693.jpg,OTHER
img_01678.jpg,OTHER
img_00886.jpg,OTHER
img_05413.jpg,OTHER
img_06827.jpg,BET
img_02168.jpg,BET
img_05069.jpg,BET
img_07825.jpg,BET
img_05974.jpg,BET
img_03708.jpg,BET
img_07440.jpg,BET
img_04931.jpg,BET
img_07311.jpg,BET
img_00379.jpg,BET
img_00630.jpg,BET
img_00158.jpg,BET
img_06983.jpg,BET
img_01264.jpg,BET
img_04179.jpg,BET
img_06035.jpg,BET
img_05402.jpg,BET
img_05346.jpg,BET
img_06867.jpg,BET
img_02206.jpg,BET
img_04463.jpg,BET
img_03371.jpg,BET
img_07734.jpg,BET
img_05065.jpg,BET
img_04022.jpg,BET
img_01194.jpg,BET
img_01002.jpg,BET
img_03647.jpg,BET
img_06453.jpg,BET
img_02358.jpg,BET
img_04042.jpg,BET
img_04557.jpg,BET
img_06287.jpg,BET
img_01943.jpg,BET
img_05255.jpg,BET
img_00435.jpg,BET
img_05431.jpg,BET
img_00363.jpg,BET
img_03565.jpg,BET
img_07804.jpg,BET
img_02016.jpg,BET
img_00443.jpg,BET
img_02498.jpg,BET
img_02138.jpg,BET
img_07519.jpg,BET
img_02097.jpg,BET
img_04815.jpg,BET
img_07579.jpg,BET
img_02969.jpg,BET
img_04670.jpg,BET
img_06636.jpg,BET
img_04039.jpg,BET
img_04938.jpg,BET
img_06532.jpg,BET
img_01477.jpg,BET
img_03723.jpg,BET
img_05450.jpg,BET
img_02647.jpg,BET
img_04464.jpg,BET
img_07410.jpg,BET
img_02840.jpg,BET
img_00491.jpg,BET
img_05797.jpg,BET
img_04972.jpg,BET
img_04891.jpg,BET
img_00883.jpg,BET
img_07007.jpg,BET
img_05110.jpg,BET
img_06997.jpg,BET
img_05736.jpg,BET
img_05344.jpg,BET
img_01234.jpg,BET
img_02139.jpg,BET
img_01218.jpg,BET
img_00225.jpg,BET
img_03287.jpg,BET
img_02128.jpg,BET
img_06623.jpg,BET
img_03846.jpg,BET
img_01351.jpg,BET
img_03453.jpg,BET
img_05164.jpg,BET
img_03881.jpg,BET
img_02742.jpg,BET
img_04304.jpg,BET
img_02967.jpg,BET
img_01912.jpg,BET
img_04732.jpg,BET
img_04853.jpg,BET
img_04048.jpg,BET
img_02873.jpg,NoF
img_02381.jpg,NoF
img_00681.jpg,NoF
img_05319.jpg,NoF
img_04596.jpg,NoF
img_06007.jpg,NoF
img_03528.jpg,NoF
img_00419.jpg,NoF
img_00494.jpg,NoF
img_01382.jpg,NoF
img_00847.jpg,NoF
img_04168.jpg,NoF
img_04457.jpg,NoF
img_01020.jpg,NoF
img_00022.jpg,NoF
img_04956.jpg,NoF
img_02907.jpg,NoF
img_07132.jpg,NoF
img_04686.jpg,NoF
img_03337.jpg,NoF
img_03174.jpg,NoF
img_05855.jpg,NoF
img_01219.jpg,NoF
img_05474.jpg,NoF
img_01155.jpg,NoF
img_04916.jpg,NoF
img_03672.jpg,NoF
img_06240.jpg,NoF
img_05535.jpg,NoF
img_07674.jpg,NoF
img_02786.jpg,NoF
img_02548.jpg,NoF
img_07500.jpg,NoF
img_06816.jpg,NoF
img_03826.jpg,NoF
img_04365.jpg,NoF
img_00400.jpg,NoF
img_07660.jpg,NoF
img_04178.jpg,NoF
img_05733.jpg,NoF
img_07353.jpg,NoF
img_03893.jpg,NoF
img_03404.jpg,NoF
img_03765.jpg,NoF
img_00585.jpg,NoF
img_06120.jpg,NoF
img_01013.jpg,NoF
img_00586.jpg,NoF
img_00131.jpg,NoF
img_03020.jpg,NoF
img_04509.jpg,NoF
img_02272.jpg,NoF
img_02431.jpg,NoF
img_00178.jpg,NoF
img_03025.jpg,NoF
img_04009.jpg,NoF
img_00428.jpg,NoF
img_00616.jpg,NoF
img_07886.jpg,NoF
img_01560.jpg,NoF
img_02843.jpg,NoF
img_03519.jpg,NoF
img_02893.jpg,NoF
img_00068.jpg,NoF
img_01017.jpg,NoF
img_06969.jpg,NoF
img_00122.jpg,NoF
img_01052.jpg,NoF
img_01097.jpg,NoF
img_05503.jpg,NoF
img_03186.jpg,NoF
img_02653.jpg,NoF
img_04200.jpg,NoF
img_05936.jpg,NoF
img_06366.jpg,NoF
img_06212.jpg,NoF
img_03582.jpg,NoF
img_01787.jpg,NoF
img_04383.jpg,NoF
img_04703.jpg,NoF
img_01024.jpg,NoF
img_07641.jpg,NoF
img_03359.jpg,NoF
img_05256.jpg,NoF
img_00089.jpg,NoF
img_00387.jpg,NoF
img_07379.jpg,NoF
img_05814.jpg,NoF
img_02908.jpg,NoF
img_04621.jpg,NoF
img_00367.jpg,NoF
img_03423.jpg,NoF
img_01151.jpg,NoF
img_07679.jpg,NoF
img_00307.jpg,NoF
img_01419.jpg,NoF
img_02685.jpg,NoF
img_06494.jpg,NoF
img_03757.jpg,NoF
img_07812.jpg,NoF
img_02930.jpg,NoF
img_04493.jpg,NoF
img_04544.jpg,NoF
img_01922.jpg,NoF
img_03059.jpg,NoF
img_00210.jpg,NoF
img_07129.jpg,NoF
img_01568.jpg,NoF
img_06264.jpg,NoF
img_04351.jpg,NoF
img_00105.jpg,NoF
img_00512.jpg,NoF
img_03221.jpg,NoF
img_01071.jpg,NoF
img_07121.jpg,NoF
img_03029.jpg,NoF
img_06179.jpg,NoF
img_05466.jpg,NoF
img_00271.jpg,NoF
img_01424.jpg,NoF
img_03271.jpg,NoF
img_01459.jpg,NoF
img_04228.jpg,NoF
img_01039.jpg,NoF
img_05352.jpg,NoF
img_00887.jpg,NoF
img_00645.jpg,NoF
img_01525.jpg,NoF
img_01040.jpg,NoF
img_02751.jpg,NoF
img_06801.jpg,NoF
img_00243.jpg,NoF
img_02970.jpg,NoF
img_03959.jpg,NoF
img_00318.jpg,NoF
img_01579.jpg,NoF
img_00609.jpg,NoF
img_02460.jpg,NoF
img_03158.jpg,NoF
img_01497.jpg,NoF
img_05012.jpg,NoF
img_07673.jpg,NoF
img_04889.jpg,NoF
img_04430.jpg,NoF
img_00135.jpg,NoF
img_00949.jpg,NoF
img_03806.jpg,NoF
img_04151.jpg,NoF
img_02105.jpg,NoF
img_04770.jpg,NoF
img_00011.jpg,NoF
img_05254.jpg,NoF
img_01927.jpg,NoF
img_03048.jpg,NoF
img_00720.jpg,NoF
img_01475.jpg,NoF
img_00849.jpg,NoF
img_02439.jpg,NoF
img_03330.jpg,NoF
img_06050.jpg,NoF
img_04840.jpg,NoF
img_01135.jpg,NoF
img_07861.jpg,NoF
img_06081.jpg,NoF
img_02316.jpg,NoF
img_03113.jpg,NoF
img_06610.jpg,NoF
img_06476.jpg,NoF
img_02033.jpg,NoF
img_02829.jpg,NoF
img_00981.jpg,NoF
img_01421.jpg,NoF
img_06940.jpg,NoF
img_01463.jpg,NoF
img_00143.jpg,NoF
img_00725.jpg,NoF
img_00146.jpg,NoF
img_00910.jpg,NoF
img_06172.jpg,NoF
img_04616.jpg,NoF
img_00008.jpg,NoF
img_05461.jpg,NoF
img_04045.jpg,NoF
img_00456.jpg,NoF
img_00306.jpg,NoF
img_02870.jpg,NoF
img_02435.jpg,NoF
img_04793.jpg,NoF
img_03000.jpg,NoF
img_02366.jpg,NoF
img_02765.jpg,ALB
img_02118.jpg,ALB
img_06587.jpg,ALB
img_03586.jpg,ALB
img_07381.jpg,ALB
img_07200.jpg,ALB
img_02346.jpg,ALB
img_01300.jpg,ALB
img_07903.jpg,ALB
img_03427.jpg,ALB
img_03374.jpg,ALB
img_03108.jpg,ALB
img_04729.jpg,ALB
img_07810.jpg,ALB
img_05862.jpg,ALB
img_03603.jpg,ALB
img_02501.jpg,ALB
img_02382.jpg,ALB
img_04969.jpg,ALB
img_00526.jpg,ALB
img_04056.jpg,ALB
img_04031.jpg,ALB
img_00502.jpg,ALB
img_03836.jpg,ALB
img_02610.jpg,ALB
img_00756.jpg,ALB
img_02392.jpg,ALB
img_04433.jpg,ALB
img_01111.jpg,ALB
img_03382.jpg,ALB
img_00045.jpg,ALB
img_05533.jpg,ALB
img_03356.jpg,ALB
img_05408.jpg,ALB
img_02448.jpg,ALB
img_03208.jpg,ALB
img_06568.jpg,ALB
img_03376.jpg,ALB
img_04277.jpg,ALB
img_05109.jpg,ALB
img_07727.jpg,ALB
img_02107.jpg,ALB
img_00790.jpg,ALB
img_06064.jpg,ALB
img_06923.jpg,ALB
img_06160.jpg,ALB
img_04774.jpg,ALB
img_07240.jpg,ALB
img_06607.jpg,ALB
img_01361.jpg,ALB
img_00713.jpg,ALB
img_03729.jpg,ALB
img_02393.jpg,ALB
img_00270.jpg,ALB
img_05778.jpg,ALB
img_05889.jpg,ALB
img_02470.jpg,ALB
img_05815.jpg,ALB
img_02658.jpg,ALB
img_03387.jpg,ALB
img_01507.jpg,ALB
img_03011.jpg,ALB
img_01454.jpg,ALB
img_02008.jpg,ALB
img_07210.jpg,ALB
img_03842.jpg,ALB
img_06126.jpg,ALB
img_06078.jpg,ALB
img_00817.jpg,ALB
img_03748.jpg,ALB
img_00490.jpg,ALB
img_02254.jpg,ALB
img_05179.jpg,ALB
img_03714.jpg,ALB
img_00269.jpg,ALB
img_07009.jpg,ALB
img_02821.jpg,ALB
img_01121.jpg,ALB
img_06185.jpg,ALB
img_00967.jpg,ALB
img_04379.jpg,ALB
img_03800.jpg,ALB
img_05763.jpg,ALB
img_02794.jpg,ALB
img_07358.jpg,ALB
img_04361.jpg,ALB
img_03877.jpg,ALB
img_01448.jpg,ALB
img_00820.jpg,ALB
img_00163.jpg,ALB
img_03636.jpg,ALB
img_00191.jpg,ALB
img_02388.jpg,ALB
img_07749.jpg,ALB
img_07645.jpg,ALB
img_00638.jpg,ALB
img_04915.jpg,ALB
img_02184.jpg,ALB
img_01278.jpg,ALB
img_02776.jpg,ALB
img_00208.jpg,ALB
img_01604.jpg,ALB
img_05494.jpg,ALB
img_07651.jpg,ALB
img_07118.jpg,ALB
img_03233.jpg,ALB
img_00831.jpg,ALB
img_07171.jpg,ALB
img_07617.jpg,ALB
img_01482.jpg,ALB
img_05663.jpg,ALB
img_03606.jpg,ALB
img_02945.jpg,ALB
img_01875.jpg,ALB
img_06194.jpg,ALB
img_05890.jpg,ALB
img_00727.jpg,ALB
img_03345.jpg,ALB
img_01196.jpg,ALB
img_04578.jpg,ALB
img_03515.jpg,ALB
img_07794.jpg,ALB
img_02106.jpg,ALB
img_06380.jpg,ALB
img_03661.jpg,ALB
img_03448.jpg,ALB
img_03050.jpg,ALB
img_04011.jpg,ALB
img_01261.jpg,ALB
img_05675.jpg,ALB
img_07218.jpg,ALB
img_00829.jpg,ALB
img_05281.jpg,ALB
img_06319.jpg,ALB
img_04572.jpg,ALB
img_04354.jpg,ALB
img_01819.jpg,ALB
img_07193.jpg,ALB
img_04890.jpg,ALB
img_03859.jpg,ALB
img_00299.jpg,ALB
img_01079.jpg,ALB
img_01713.jpg,ALB
img_04121.jpg,ALB
img_01077.jpg,ALB
img_05515.jpg,ALB
img_04124.jpg,ALB
img_05973.jpg,ALB
img_04527.jpg,ALB
img_02373.jpg,ALB
img_01268.jpg,ALB
img_01032.jpg,ALB
img_07739.jpg,ALB
img_02928.jpg,ALB
img_00544.jpg,ALB
img_07078.jpg,ALB
img_03226.jpg,ALB
img_01334.jpg,ALB
img_02273.jpg,ALB
img_05153.jpg,ALB
img_06627.jpg,ALB
img_07672.jpg,ALB
img_03616.jpg,ALB
img_01948.jpg,ALB
img_00996.jpg,ALB
img_01086.jpg,ALB
img_01162.jpg,ALB
img_06213.jpg,ALB
img_05258.jpg,ALB
img_01276.jpg,ALB
img_07057.jpg,ALB
img_05272.jpg,ALB
img_04714.jpg,ALB
img_05491.jpg,ALB
img_04368.jpg,ALB
img_04796.jpg,ALB
img_01830.jpg,ALB
img_00396.jpg,ALB
img_07471.jpg,ALB
img_00624.jpg,ALB
img_07126.jpg,ALB
img_02885.jpg,ALB
img_05154.jpg,ALB
img_00636.jpg,ALB
img_04524.jpg,ALB
img_01822.jpg,ALB
img_07587.jpg,ALB
img_03713.jpg,ALB
img_00987.jpg,ALB
img_06915.jpg,ALB
img_07479.jpg,ALB
img_04112.jpg,ALB
img_00342.jpg,ALB
img_04567.jpg,ALB
img_02134.jpg,ALB
img_06987.jpg,ALB
img_05094.jpg,ALB
img_02499.jpg,ALB
img_03216.jpg,ALB
img_00558.jpg,ALB
img_00043.jpg,ALB
img_00562.jpg,ALB
img_00788.jpg,ALB
img_01699.jpg,ALB
img_02171.jpg,ALB
img_06393.jpg,ALB
img_00843.jpg,ALB
img_03209.jpg,ALB
img_05852.jpg,ALB
img_02456.jpg,ALB
img_05297.jpg,ALB
img_02880.jpg,ALB
img_02120.jpg,ALB
img_07225.jpg,ALB
img_03341.jpg,ALB
img_05576.jpg,ALB
img_02090.jpg,ALB
img_07801.jpg,ALB
img_03656.jpg,ALB
img_07039.jpg,ALB
img_04330.jpg,ALB
img_07014.jpg,ALB
img_06652.jpg,ALB
img_05103.jpg,ALB
img_01246.jpg,ALB
img_05757.jpg,ALB
img_05296.jpg,ALB
img_04861.jpg,ALB
img_03644.jpg,ALB
img_05309.jpg,ALB
img_06931.jpg,ALB
img_04043.jpg,ALB
img_03300.jpg,ALB
img_01152.jpg,ALB
img_00038.jpg,ALB
img_06029.jpg,ALB
img_01958.jpg,ALB
img_04950.jpg,ALB
img_00177.jpg,ALB
img_06462.jpg,ALB
img_01354.jpg,ALB
img_03575.jpg,ALB
img_01243.jpg,ALB
img_06282.jpg,ALB
img_07298.jpg,ALB
img_00496.jpg,ALB
img_05383.jpg,ALB
img_01506.jpg,ALB
img_07048.jpg,ALB
img_00509.jpg,ALB
img_07127.jpg,ALB
img_01980.jpg,ALB
img_07527.jpg,ALB
img_00705.jpg,ALB
img_04460.jpg,ALB
img_03927.jpg,ALB
img_06553.jpg,ALB
img_02793.jpg,ALB
img_00570.jpg,ALB
img_07639.jpg,ALB
img_03599.jpg,ALB
img_04955.jpg,ALB
img_05556.jpg,ALB
img_07180.jpg,ALB
img_01768.jpg,ALB
img_04466.jpg,ALB
img_04736.jpg,ALB
img_03535.jpg,ALB
img_01772.jpg,ALB
img_01722.jpg,ALB
img_03040.jpg,ALB
img_01580.jpg,ALB
img_00596.jpg,ALB
img_01797.jpg,ALB
img_01607.jpg,ALB
img_03458.jpg,ALB
img_04040.jpg,ALB
img_05031.jpg,ALB
img_00984.jpg,ALB
img_04561.jpg,ALB
img_06879.jpg,ALB
img_00482.jpg,ALB
img_03479.jpg,ALB
img_03092.jpg,ALB
img_04519.jpg,ALB
img_01796.jpg,ALB
img_07037.jpg,ALB
img_06260.jpg,ALB
img_07664.jpg,ALB
img_03944.jpg,ALB
img_05560.jpg,ALB
img_02189.jpg,ALB
img_01547.jpg,ALB
img_06134.jpg,ALB
img_06716.jpg,ALB
img_01045.jpg,ALB
img_03706.jpg,ALB
img_03905.jpg,ALB
img_07477.jpg,ALB
img_05501.jpg,ALB
img_03487.jpg,ALB
img_01390.jpg,ALB
img_00097.jpg,ALB
img_03363.jpg,ALB
img_06932.jpg,ALB
img_06979.jpg,ALB
img_03406.jpg,ALB
img_01612.jpg,ALB
img_00239.jpg,ALB
img_02133.jpg,ALB
img_01641.jpg,ALB
img_05777.jpg,ALB
img_04721.jpg,ALB
img_00384.jpg,ALB
img_04778.jpg,ALB
img_05512.jpg,ALB
img_07797.jpg,ALB
img_07328.jpg,ALB
img_07558.jpg,ALB
img_02551.jpg,ALB
img_02859.jpg,ALB
img_05821.jpg,ALB
img_04441.jpg,ALB
img_01936.jpg,ALB
img_07418.jpg,ALB
img_05353.jpg,ALB
img_00911.jpg,ALB
img_04659.jpg,ALB
img_07197.jpg,ALB
img_04477.jpg,ALB
img_01620.jpg,ALB
img_03673.jpg,ALB
img_01950.jpg,ALB
img_05472.jpg,ALB
img_02421.jpg,ALB
img_01878.jpg,ALB
img_00447.jpg,ALB
img_07802.jpg,ALB
img_04054.jpg,ALB
img_07850.jpg,ALB
img_07488.jpg,ALB
img_03090.jpg,ALB
img_04666.jpg,ALB
img_01485.jpg,ALB
img_04583.jpg,ALB
img_00715.jpg,ALB
img_04243.jpg,ALB
img_07162.jpg,ALB
img_07412.jpg,ALB
img_04312.jpg,ALB
img_04065.jpg,ALB
img_05745.jpg,ALB
img_03645.jpg,ALB
img_03154.jpg,ALB
img_06960.jpg,ALB
img_05375.jpg,ALB
img_00672.jpg,ALB
img_01409.jpg,ALB
img_02446.jpg,ALB
img_00344.jpg,ALB
img_06420.jpg,ALB
img_01809.jpg,ALB
img_02584.jpg,ALB
img_02542.jpg,ALB
img_07652.jpg,ALB
img_01901.jpg,ALB
img_06853.jpg,ALB
img_01207.jpg,ALB
img_01417.jpg,ALB
img_00824.jpg,ALB
img_05810.jpg,ALB
img_04008.jpg,ALB
img_04504.jpg,ALB
img_04431.jpg,ALB
img_03747.jpg,ALB
img_04014.jpg,ALB
img_07105.jpg,ALB
img_07614.jpg,ALB
img_04174.jpg,ALB
img_01480.jpg,ALB
img_00710.jpg,ALB
img_05358.jpg,ALB
img_07877.jpg,ALB
img_07883.jpg,ALB
img_06061.jpg,ALB
img_01896.jpg,ALB
img_06918.jpg,ALB
img_07686.jpg,ALB
img_00337.jpg,ALB
img_02828.jpg,ALB
img_01183.jpg,ALB
img_01558.jpg,ALB
img_03179.jpg,ALB
img_04737.jpg,ALB
img_01364.jpg,ALB
img_06865.jpg,ALB
img_07871.jpg,ALB
img_07771.jpg,ALB
img_06390.jpg,ALB
img_06350.jpg,ALB
img_07374.jpg,ALB
img_07476.jpg,ALB
img_00401.jpg,ALB
img_07380.jpg,ALB
img_07491.jpg,ALB
img_06386.jpg,ALB
img_01778.jpg,ALB
img_03552.jpg,ALB
img_01109.jpg,ALB
img_07441.jpg,ALB
img_01949.jpg,ALB
img_05812.jpg,ALB
img_02283.jpg,ALB
img_01902.jpg,ALB
img_00626.jpg,ALB
img_01790.jpg,ALB
img_03746.jpg,ALB
img_05990.jpg,ALB
img_06629.jpg,ALB
img_04821.jpg,ALB
img_05453.jpg,ALB
img_07335.jpg,ALB
img_01883.jpg,ALB
img_03188.jpg,ALB
img_02946.jpg,ALB
img_04303.jpg,ALB
img_00274.jpg,ALB
img_02201.jpg,ALB
img_07021.jpg,ALB
img_01338.jpg,ALB
img_03039.jpg,ALB
img_02549.jpg,ALB
img_02404.jpg,ALB
img_04336.jpg,ALB
img_06950.jpg,ALB
img_05849.jpg,ALB
img_06396.jpg,ALB
img_00385.jpg,ALB
img_03150.jpg,ALB
img_03635.jpg,ALB
img_05878.jpg,ALB
img_06263.jpg,ALB
img_04543.jpg,ALB
img_03699.jpg,ALB
img_01105.jpg,ALB
img_06435.jpg,ALB
img_07486.jpg,ALB
img_07741.jpg,ALB
img_01728.jpg,ALB
img_04612.jpg,ALB
img_04683.jpg,ALB
img_02768.jpg,ALB
img_00041.jpg,ALB
img_04836.jpg,ALB
img_07671.jpg,ALB
img_04140.jpg,ALB
img_05228.jpg,ALB
img_00290.jpg,ALB
img_01141.jpg,ALB
img_00701.jpg,ALB
img_07560.jpg,ALB
img_02489.jpg,ALB
img_07522.jpg,ALB
img_00338.jpg,ALB
img_01374.jpg,ALB
img_03264.jpg,ALB
img_06286.jpg,ALB
img_00281.jpg,ALB
img_05597.jpg,ALB
img_07858.jpg,ALB
img_03758.jpg,ALB
img_04016.jpg,ALB
img_02140.jpg,ALB
img_01336.jpg,ALB
img_01584.jpg,ALB
img_02801.jpg,ALB
img_07710.jpg,ALB
img_01095.jpg,ALB
img_06726.jpg,ALB
img_01144.jpg,ALB
img_02182.jpg,ALB
img_03262.jpg,ALB
img_04480.jpg,ALB
img_02410.jpg,ALB
img_03373.jpg,ALB
img_01733.jpg,ALB
img_05710.jpg,ALB
img_01129.jpg,ALB
img_02823.jpg,ALB
img_04025.jpg,ALB
img_03003.jpg,ALB
img_00085.jpg,ALB
img_02938.jpg,ALB
img_05600.jpg,ALB
img_01841.jpg,ALB
img_04994.jpg,ALB
img_07662.jpg,ALB
img_03556.jpg,ALB
img_03884.jpg,ALB
img_04196.jpg,ALB
img_05713.jpg,ALB
img_05443.jpg,ALB
img_05275.jpg,ALB
img_06135.jpg,ALB
img_06090.jpg,ALB
img_02686.jpg,ALB
img_07316.jpg,ALB
img_03634.jpg,ALB
img_07001.jpg,ALB
img_04362.jpg,ALB
img_05938.jpg,ALB
img_02039.jpg,ALB
img_02762.jpg,ALB
img_05158.jpg,ALB
img_06383.jpg,ALB
img_06471.jpg,ALB
img_00744.jpg,ALB
img_01205.jpg,ALB
img_07145.jpg,ALB
img_03910.jpg,ALB
img_06252.jpg,ALB
img_05029.jpg,ALB
img_06664.jpg,ALB
img_02513.jpg,ALB
img_02931.jpg,ALB
img_00523.jpg,ALB
img_01909.jpg,ALB
img_06190.jpg,ALB
img_05893.jpg,ALB
img_05363.jpg,ALB
img_05342.jpg,ALB
img_00029.jpg,ALB
img_00870.jpg,ALB
img_07705.jpg,ALB
img_00714.jpg,ALB
img_03794.jpg,ALB
img_01316.jpg,ALB
img_04517.jpg,ALB
img_04965.jpg,ALB
img_04032.jpg,ALB
img_01636.jpg,ALB
img_05100.jpg,ALB
img_01654.jpg,ALB
img_02695.jpg,ALB
img_07876.jpg,ALB
img_04309.jpg,ALB
img_00880.jpg,ALB
img_07657.jpg,ALB
img_03016.jpg,ALB
img_06648.jpg,ALB
img_02609.jpg,ALB
img_03021.jpg,ALB
img_02276.jpg,ALB
img_04347.jpg,ALB
img_07647.jpg,ALB
img_06479.jpg,ALB
img_03862.jpg,ALB
img_07424.jpg,ALB
img_03067.jpg,ALB
img_04635.jpg,ALB
img_03286.jpg,ALB
img_05570.jpg,ALB
img_07280.jpg,ALB
img_03237.jpg,ALB
img_00356.jpg,ALB
img_02913.jpg,ALB
img_04883.jpg,ALB
img_01362.jpg,ALB
img_04822.jpg,ALB
img_00811.jpg,ALB
img_06720.jpg,ALB
img_07917.jpg,ALB
img_01011.jpg,ALB
img_01917.jpg,ALB
img_04899.jpg,ALB
img_00869.jpg,ALB
img_03320.jpg,ALB
img_06622.jpg,ALB
img_00940.jpg,ALB
img_03348.jpg,ALB
img_00605.jpg,ALB
img_00545.jpg,ALB
img_04979.jpg,ALB
img_07163.jpg,ALB
img_06948.jpg,ALB
img_04875.jpg,ALB
img_07172.jpg,ALB
img_06254.jpg,ALB
img_05145.jpg,ALB
img_02491.jpg,ALB
img_05343.jpg,ALB
img_01066.jpg,ALB
img_02994.jpg,ALB
img_06647.jpg,ALB
img_00898.jpg,ALB
img_06944.jpg,ALB
img_00507.jpg,ALB
img_05588.jpg,ALB
img_03662.jpg,ALB
img_02292.jpg,ALB
img_02208.jpg,ALB
img_03512.jpg,ALB
img_03119.jpg,ALB
img_07868.jpg,ALB
img_00633.jpg,ALB
img_02002.jpg,ALB
img_01884.jpg,ALB
img_07384.jpg,ALB
img_00010.jpg,ALB
img_04762.jpg,ALB
img_03736.jpg,ALB
img_01478.jpg,ALB
img_03491.jpg,ALB
img_01578.jpg,ALB
img_00555.jpg,ALB
img_03524.jpg,ALB
img_03304.jpg,ALB
img_07406.jpg,ALB
img_04981.jpg,ALB
img_07863.jpg,ALB
img_02883.jpg,ALB
img_07432.jpg,ALB
img_05690.jpg,ALB
img_00617.jpg,ALB
img_03483.jpg,ALB
img_03112.jpg,ALB
img_07767.jpg,ALB
img_02296.jpg,ALB
img_01919.jpg,ALB
img_02352.jpg,ALB
img_00461.jpg,ALB
img_04296.jpg,ALB
img_07114.jpg,ALB
img_04202.jpg,ALB
img_07033.jpg,ALB
img_00899.jpg,ALB
img_07397.jpg,ALB
img_04570.jpg,ALB
img_00508.jpg,ALB
img_03738.jpg,ALB
img_06574.jpg,ALB
img_02586.jpg,ALB
img_01357.jpg,ALB
img_01455.jpg,ALB
img_00687.jpg,ALB
img_07807.jpg,ALB
img_05226.jpg,ALB
img_05163.jpg,ALB
img_05618.jpg,ALB
img_01401.jpg,ALB
img_00809.jpg,ALB
img_06376.jpg,ALB
img_05053.jpg,ALB
img_00296.jpg,ALB
img_07720.jpg,ALB
img_04907.jpg,ALB
img_03470.jpg,ALB
img_01693.jpg,ALB
img_01093.jpg,ALB
img_05962.jpg,ALB
img_05193.jpg,ALB
img_04823.jpg,ALB
img_04728.jpg,ALB
img_06907.jpg,ALB
img_06989.jpg,ALB
img_02480.jpg,ALB
img_00679.jpg,ALB
img_06514.jpg,ALB
img_05384.jpg,ALB
img_07008.jpg,ALB
img_00712.jpg,ALB
img_01353.jpg,ALB
img_05554.jpg,ALB
img_00121.jpg,ALB
img_06843.jpg,ALB
img_04062.jpg,ALB
img_01921.jpg,ALB
img_02359.jpg,ALB
img_06823.jpg,ALB
img_07542.jpg,ALB
img_04163.jpg,ALB
img_03431.jpg,ALB
img_01464.jpg,ALB
img_01897.jpg,ALB
img_07307.jpg,ALB
img_05811.jpg,ALB
img_05677.jpg,ALB
img_02978.jpg,ALB
img_02032.jpg,ALB
img_07470.jpg,ALB
img_01083.jpg,ALB
img_03017.jpg,ALB
img_03559.jpg,ALB
img_04660.jpg,ALB
img_07168.jpg,ALB
img_06096.jpg,ALB
img_01355.jpg,ALB
img_03793.jpg,ALB
img_04920.jpg,ALB
img_06022.jpg,ALB
img_05040.jpg,ALB
img_04692.jpg,ALB
img_01805.jpg,ALB
img_07811.jpg,ALB
img_02036.jpg,ALB
img_00576.jpg,ALB
img_06388.jpg,ALB
img_06231.jpg,ALB
img_02555.jpg,ALB
img_01160.jpg,ALB
img_07492.jpg,ALB
img_03532.jpg,ALB
img_07223.jpg,ALB
img_02545.jpg,ALB
img_05303.jpg,ALB
img_01934.jpg,ALB
img_06503.jpg,ALB
img_03212.jpg,ALB
img_07511.jpg,ALB
img_07463.jpg,ALB
img_03061.jpg,ALB
img_04342.jpg,ALB
img_04708.jpg,ALB
img_05845.jpg,ALB
img_05707.jpg,ALB
img_01556.jpg,ALB
img_00003.jpg,ALB
img_01434.jpg,ALB
img_01686.jpg,ALB
img_04147.jpg,ALB
img_05709.jpg,ALB
img_06887.jpg,ALB
img_07214.jpg,ALB
img_02630.jpg,ALB
img_06142.jpg,ALB
img_01191.jpg,ALB
img_01735.jpg,ALB
img_03694.jpg,ALB
img_07133.jpg,ALB
img_02629.jpg,ALB
img_07439.jpg,ALB
img_07255.jpg,ALB
img_04808.jpg,ALB
img_03115.jpg,ALB
img_01314.jpg,ALB
img_00369.jpg,ALB
img_06560.jpg,ALB
img_01025.jpg,ALB
img_03107.jpg,ALB
img_02197.jpg,ALB
img_07299.jpg,ALB
img_06868.jpg,ALB
img_06653.jpg,ALB
img_03281.jpg,ALB
img_06570.jpg,ALB
img_07016.jpg,ALB
img_06313.jpg,ALB
img_04164.jpg,ALB
img_07915.jpg,ALB
img_07862.jpg,ALB
img_06546.jpg,ALB
img_00228.jpg,ALB
img_03164.jpg,ALB
img_06866.jpg,ALB
img_03486.jpg,ALB
img_07040.jpg,ALB
img_07766.jpg,ALB
img_06714.jpg,ALB
img_06767.jpg,ALB
img_00186.jpg,ALB
img_06707.jpg,ALB
img_00197.jpg,ALB
img_07296.jpg,ALB
img_03700.jpg,ALB
img_06619.jpg,ALB
img_06709.jpg,ALB
img_05083.jpg,ALB
img_02992.jpg,ALB
img_07291.jpg,ALB
img_06069.jpg,ALB
img_04436.jpg,ALB
img_01319.jpg,ALB
img_00928.jpg,ALB
img_02046.jpg,ALB
img_07262.jpg,ALB
img_01225.jpg,ALB
img_06721.jpg,ALB
img_03424.jpg,ALB
img_00288.jpg,ALB
img_06058.jpg,ALB
img_04326.jpg,ALB
img_02547.jpg,ALB
img_01855.jpg,ALB
img_07242.jpg,ALB
img_01800.jpg,ALB
img_07698.jpg,ALB
img_07442.jpg,ALB
img_02514.jpg,ALB
img_06668.jpg,ALB
img_05022.jpg,ALB
img_02593.jpg,ALB
img_06367.jpg,ALB
img_00939.jpg,ALB
img_03171.jpg,ALB
img_04980.jpg,ALB
img_01554.jpg,ALB
img_07204.jpg,ALB
img_05121.jpg,ALB
img_01422.jpg,ALB
img_00634.jpg,ALB
img_02704.jpg,ALB
img_06561.jpg,ALB
img_01265.jpg,ALB
img_03578.jpg,ALB
img_05243.jpg,ALB
img_00275.jpg,ALB
img_07636.jpg,ALB
img_06497.jpg,ALB
img_03224.jpg,ALB
img_07435.jpg,ALB
img_05132.jpg,ALB
img_06377.jpg,ALB
img_04093.jpg,ALB
img_07540.jpg,ALB
img_06247.jpg,ALB
img_00211.jpg,ALB
img_03861.jpg,ALB
img_02519.jpg,ALB
img_06566.jpg,ALB
img_06184.jpg,ALB
img_01833.jpg,ALB
img_05836.jpg,ALB
img_05481.jpg,ALB
img_04780.jpg,ALB
img_03031.jpg,ALB
img_05106.jpg,ALB
img_02825.jpg,ALB
img_07404.jpg,ALB
img_07701.jpg,ALB
img_03612.jpg,ALB
img_01072.jpg,ALB
img_02915.jpg,ALB
img_03451.jpg,ALB
img_01330.jpg,ALB
img_05759.jpg,ALB
img_06060.jpg,ALB
img_04026.jpg,ALB
img_05559.jpg,ALB
img_01655.jpg,ALB
img_02289.jpg,ALB
img_06089.jpg,ALB
img_01112.jpg,ALB
img_05266.jpg,ALB
img_04939.jpg,ALB
img_02635.jpg,ALB
img_05924.jpg,ALB
img_01038.jpg,ALB
img_01599.jpg,ALB
img_07349.jpg,ALB
img_02583.jpg,ALB
img_01663.jpg,ALB
img_01396.jpg,ALB
img_06722.jpg,ALB
img_02710.jpg,ALB
img_02698.jpg,ALB
img_02170.jpg,ALB
img_00019.jpg,ALB
img_07874.jpg,ALB
img_07603.jpg,ALB
img_06834.jpg,ALB
img_00277.jpg,ALB
img_04489.jpg,ALB
img_01304.jpg,ALB
img_06360.jpg,ALB
img_05043.jpg,ALB
img_03625.jpg,ALB
img_04055.jpg,ALB
img_06850.jpg,ALB
img_06645.jpg,ALB
img_02495.jpg,ALB
img_04954.jpg,ALB
img_01117.jpg,ALB
img_03159.jpg,ALB
img_01239.jpg,ALB
img_07879.jpg,ALB
img_06293.jpg,ALB
img_00381.jpg,ALB
img_01033.jpg,ALB
img_05376.jpg,ALB
img_02148.jpg,ALB
img_05482.jpg,ALB
img_04917.jpg,ALB
img_01954.jpg,ALB
img_02933.jpg,ALB
img_05397.jpg,ALB
img_02047.jpg,ALB
img_01186.jpg,ALB
img_05000.jpg,ALB
img_01729.jpg,ALB
img_00233.jpg,ALB
img_03501.jpg,ALB
img_03089.jpg,ALB
img_05161.jpg,ALB
img_00090.jpg,ALB
img_07239.jpg,ALB
img_02784.jpg,ALB
img_03687.jpg,ALB
img_03666.jpg,ALB
img_03808.jpg,ALB
img_04320.jpg,ALB
img_01806.jpg,ALB
img_01416.jpg,ALB
img_05270.jpg,ALB
img_01000.jpg,ALB
img_02925.jpg,ALB
img_00134.jpg,ALB
img_04092.jpg,ALB
img_07018.jpg,ALB
img_05575.jpg,ALB
img_05465.jpg,ALB
img_01046.jpg,ALB
img_07576.jpg,ALB
img_06153.jpg,ALB
img_03855.jpg,ALB
img_00660.jpg,ALB
img_04490.jpg,ALB
img_07681.jpg,ALB
img_06039.jpg,ALB
img_06774.jpg,ALB
img_05725.jpg,ALB
img_01402.jpg,ALB
img_07726.jpg,ALB
img_05510.jpg,ALB
img_01910.jpg,ALB
img_04290.jpg,ALB
img_07174.jpg,ALB
img_06123.jpg,ALB
img_03282.jpg,ALB
img_05017.jpg,ALB
img_06437.jpg,ALB
img_06976.jpg,ALB
img_01128.jpg,ALB
img_06014.jpg,ALB
img_05206.jpg,ALB
img_06735.jpg,ALB
img_03151.jpg,ALB
img_03397.jpg,ALB
img_03821.jpg,ALB
img_06450.jpg,ALB
img_04102.jpg,ALB
img_03969.jpg,ALB
img_00351.jpg,ALB
img_03311.jpg,ALB
img_07890.jpg,ALB
img_07763.jpg,ALB
img_02494.jpg,ALB
img_06115.jpg,ALB
img_04301.jpg,ALB
img_01542.jpg,ALB
img_00745.jpg,ALB
img_02719.jpg,ALB
img_01446.jpg,ALB
img_00975.jpg,ALB
img_04231.jpg,ALB
img_04827.jpg,ALB
img_03682.jpg,ALB
img_01804.jpg,ALB
img_06852.jpg,ALB
img_06298.jpg,ALB
img_04893.jpg,ALB
img_04633.jpg,ALB
img_07745.jpg,ALB
img_06445.jpg,ALB
img_03737.jpg,ALB
img_07437.jpg,ALB
img_00209.jpg,ALB
img_01029.jpg,ALB
img_00227.jpg,ALB
img_02643.jpg,ALB
img_07447.jpg,ALB
img_00956.jpg,ALB
img_04350.jpg,ALB
img_06929.jpg,ALB
img_02025.jpg,ALB
img_06405.jpg,ALB
img_01914.jpg,ALB
img_06906.jpg,ALB
img_02572.jpg,ALB
img_01928.jpg,ALB
img_07090.jpg,ALB
img_06694.jpg,ALB
img_05201.jpg,ALB
img_01753.jpg,ALB
img_07241.jpg,ALB
img_07445.jpg,ALB
img_07098.jpg,ALB
img_00278.jpg,ALB
img_06680.jpg,ALB
img_07740.jpg,ALB
img_04154.jpg,ALB
img_07904.jpg,ALB
img_00561.jpg,ALB
img_02530.jpg,ALB
img_00020.jpg,ALB
img_01206.jpg,ALB
img_05067.jpg,ALB
img_04713.jpg,ALB
img_03432.jpg,ALB
img_07444.jpg,ALB
img_01570.jpg,ALB
img_02203.jpg,ALB
img_06461.jpg,ALB
img_03161.jpg,ALB
img_01063.jpg,ALB
img_05089.jpg,ALB
img_07892.jpg,ALB
img_07000.jpg,ALB
img_07167.jpg,ALB
img_01125.jpg,ALB
img_00415.jpg,ALB
img_07520.jpg,ALB
img_02185.jpg,ALB
img_05215.jpg,ALB
img_00264.jpg,ALB
img_00154.jpg,ALB
img_02052.jpg,ALB
img_01082.jpg,ALB
img_03429.jpg,ALB
img_03293.jpg,ALB
img_00793.jpg,ALB
img_02072.jpg,ALB
img_05885.jpg,ALB
img_06080.jpg,ALB
img_07814.jpg,ALB
img_03350.jpg,ALB
img_00885.jpg,ALB
img_03538.jpg,ALB
img_07398.jpg,ALB
img_02645.jpg,ALB
img_03549.jpg,ALB
img_02035.jpg,ALB
img_06826.jpg,ALB
img_03360.jpg,ALB
img_05313.jpg,ALB
img_01445.jpg,ALB
img_04598.jpg,ALB
img_05348.jpg,ALB
img_00893.jpg,ALB
img_00643.jpg,ALB
img_05200.jpg,ALB
img_05703.jpg,ALB
img_03553.jpg,ALB
img_05312.jpg,ALB
img_00866.jpg,ALB
img_03213.jpg,ALB
img_06882.jpg,ALB
img_05827.jpg,ALB
img_05846.jpg,ALB
img_01255.jpg,ALB
img_07619.jpg,ALB
img_03649.jpg,YFT
img_06846.jpg,YFT
img_00284.jpg,YFT
img_03430.jpg,YFT
img_00540.jpg,YFT
img_07854.jpg,YFT
img_01675.jpg,YFT
img_04911.jpg,YFT
img_00566.jpg,YFT
img_00925.jpg,YFT
img_02562.jpg,YFT
img_03096.jpg,YFT
img_01518.jpg,YFT
img_01233.jpg,YFT
img_07775.jpg,YFT
img_04473.jpg,YFT
img_04360.jpg,YFT
img_03437.jpg,YFT
img_00052.jpg,YFT
img_02053.jpg,YFT
img_03819.jpg,YFT
img_05769.jpg,YFT
img_07853.jpg,YFT
img_01415.jpg,YFT
img_05644.jpg,YFT
img_06600.jpg,YFT
img_07911.jpg,YFT
img_03266.jpg,YFT
img_02690.jpg,YFT
img_06138.jpg,YFT
img_01691.jpg,YFT
img_07067.jpg,YFT
img_00370.jpg,YFT
img_01842.jpg,YFT
img_03590.jpg,YFT
img_02221.jpg,YFT
img_00815.jpg,YFT
img_03755.jpg,YFT
img_01779.jpg,YFT
img_01254.jpg,YFT
img_05166.jpg,YFT
img_00114.jpg,YFT
img_03157.jpg,YFT
img_01886.jpg,YFT
img_00872.jpg,YFT
img_05143.jpg,YFT
img_06407.jpg,YFT
img_02014.jpg,YFT
img_07513.jpg,YFT
img_05495.jpg,YFT
img_00827.jpg,YFT
img_00535.jpg,YFT
img_06897.jpg,YFT
img_02351.jpg,YFT
img_03779.jpg,YFT
img_05903.jpg,YFT
img_04768.jpg,YFT
img_07517.jpg,YFT
img_02457.jpg,YFT
img_04472.jpg,YFT
img_04224.jpg,YFT
img_05662.jpg,YFT
img_07466.jpg,YFT
img_01704.jpg,YFT
img_03396.jpg,YFT
img_07541.jpg,YFT
img_03543.jpg,YFT
img_00801.jpg,YFT
img_04049.jpg,YFT
img_01358.jpg,YFT
img_04551.jpg,YFT
img_07403.jpg,YFT
img_03400.jpg,YFT
img_07750.jpg,YFT
img_00092.jpg,YFT
img_07226.jpg,YFT
img_04281.jpg,YFT
img_06092.jpg,YFT
img_06875.jpg,YFT
img_05926.jpg,YFT
img_07588.jpg,YFT
img_03654.jpg,YFT
img_03710.jpg,YFT
img_07315.jpg,YFT
img_00021.jpg,YFT
img_06854.jpg,YFT
img_00900.jpg,YFT
img_05617.jpg,YFT
img_00093.jpg,YFT
img_06146.jpg,YFT
img_00522.jpg,YFT
img_06304.jpg,YFT
img_07577.jpg,YFT
img_07613.jpg,YFT
img_07530.jpg,YFT
img_04249.jpg,YFT
img_06925.jpg,YFT
img_04267.jpg,YFT
img_00420.jpg,YFT
img_06625.jpg,YFT
img_00286.jpg,YFT
img_05680.jpg,YFT
img_00194.jpg,YFT
img_07024.jpg,YFT
img_01385.jpg,YFT
img_01403.jpg,YFT
img_03856.jpg,YFT
img_00436.jpg,YFT
img_01469.jpg,YFT
img_00250.jpg,YFT
img_06858.jpg,YFT
img_00218.jpg,YFT
img_04148.jpg,YFT
img_06428.jpg,YFT
img_00477.jpg,YFT
img_00738.jpg,YFT
img_00440.jpg,YFT
img_04698.jpg,YFT
img_02863.jpg,YFT
img_04413.jpg,YFT
img_03101.jpg,YFT
img_07765.jpg,YFT
img_00969.jpg,YFT
img_06586.jpg,YFT
img_04087.jpg,YFT
img_00287.jpg,YFT
img_05786.jpg,YFT
img_07107.jpg,YFT
img_04317.jpg,YFT
img_07273.jpg,YFT
img_07665.jpg,YFT
img_02179.jpg,YFT
img_01973.jpg,YFT
img_03278.jpg,YFT
img_06593.jpg,YFT
img_01008.jpg,YFT
img_00061.jpg,YFT
img_00372.jpg,YFT
img_00023.jpg,YFT
img_04392.jpg,YFT
img_03327.jpg,YFT
img_07276.jpg,YFT
img_05892.jpg,YFT
img_05744.jpg,YFT
img_02721.jpg,YFT
img_02918.jpg,YFT
img_04936.jpg,YFT
img_07462.jpg,YFT
img_01113.jpg,YFT
img_01292.jpg,YFT
img_01372.jpg,YFT
img_04241.jpg,YFT
img_01456.jpg,YFT
img_02463.jpg,YFT
img_05097.jpg,YFT
img_07427.jpg,YFT
img_02787.jpg,YFT
img_06364.jpg,YFT
img_00501.jpg,YFT
img_03540.jpg,YFT
img_06326.jpg,YFT
img_04668.jpg,YFT
img_05774.jpg,YFT
img_04429.jpg,YFT
img_06316.jpg,YFT
img_07852.jpg,YFT
img_01143.jpg,YFT
img_05041.jpg,YFT
img_03244.jpg,YFT
img_01368.jpg,YFT
img_02493.jpg,YFT
img_03651.jpg,YFT
img_03081.jpg,YFT
img_06687.jpg,YFT
img_05036.jpg,YFT
img_01217.jpg,YFT
img_06336.jpg,YFT
img_03721.jpg,YFT
img_04120.jpg,YFT
img_03558.jpg,YFT
img_04467.jpg,YFT
img_03999.jpg,YFT
img_04825.jpg,YFT
img_00955.jpg,YFT
img_03007.jpg,YFT
img_03604.jpg,YFT
img_02727.jpg,YFT
img_03939.jpg,YFT
img_04292.jpg,YFT
img_06509.jpg,YFT
img_06980.jpg,YFT
img_02858.jpg,YFT
img_00333.jpg,YFT
img_06289.jpg,YFT
img_06988.jpg,YFT
img_00916.jpg,YFT
img_03407.jpg,YFT
img_05667.jpg,YFT
img_01516.jpg,YFT
img_06262.jpg,YFT
img_02633.jpg,YFT
img_04533.jpg,YFT
img_01747.jpg,YFT
img_05708.jpg,YFT
img_07849.jpg,YFT
img_03560.jpg,YFT
img_05321.jpg,YFT
img_04628.jpg,YFT
img_03183.jpg,YFT
img_04684.jpg,YFT
img_03217.jpg,YFT
img_04159.jpg,YFT
img_04646.jpg,YFT
img_04573.jpg,YFT
img_03313.jpg,YFT
img_05783.jpg,YFT
img_07472.jpg,YFT
img_01742.jpg,YFT
img_04381.jpg,YFT
img_01634.jpg,YFT
img_03963.jpg,YFT
img_04302.jpg,YFT
img_00871.jpg,YFT
img_07555.jpg,YFT
img_07712.jpg,YFT
img_03100.jpg,YFT
img_04802.jpg,YFT
img_07653.jpg,YFT
img_04355.jpg,YFT
img_03753.jpg,YFT
img_07275.jpg,YFT
img_02274.jpg,YFT
img_03568.jpg,YFT
img_02919.jpg,YFT
img_04046.jpg,YFT
img_03657.jpg,YFT
img_00222.jpg,YFT
img_03035.jpg,YFT
img_04420.jpg,YFT
img_04942.jpg,YFT
img_05706.jpg,YFT
img_01817.jpg,YFT
img_06569.jpg,YFT
img_07368.jpg,YFT
img_06156.jpg,YFT
img_07095.jpg,YFT
img_03480.jpg,YFT
img_03921.jpg,YFT
img_07400.jpg,YFT
img_02449.jpg,YFT
img_00958.jpg,YFT
img_05128.jpg,YFT
img_00139.jpg,YFT
img_02905.jpg,YFT
img_04738.jpg,YFT
img_02846.jpg,YFT
img_04469.jpg,YFT
img_04230.jpg,YFT
img_00437.jpg,YFT
img_05477.jpg,YFT
img_03211.jpg,YFT
img_06228.jpg,YFT
img_04594.jpg,YFT
img_01953.jpg,YFT
img_04688.jpg,YFT
img_05333.jpg,YFT
img_05245.jpg,YFT
img_01662.jpg,YFT
img_04952.jpg,YFT
img_05172.jpg,YFT
img_07074.jpg,YFT
img_00214.jpg,YFT
img_00221.jpg,YFT
img_00704.jpg,YFT
img_04526.jpg,YFT
img_01709.jpg,YFT
img_02365.jpg,YFT
img_02150.jpg,YFT
img_07072.jpg,YFT
img_06048.jpg,YFT
img_04817.jpg,YFT
img_02104.jpg,YFT
img_00806.jpg,YFT
img_02485.jpg,YFT
img_07569.jpg,YFT
img_03065.jpg,YFT
img_02111.jpg,YFT
img_07649.jpg,YFT
img_04516.jpg,YFT
img_05656.jpg,YFT
img_03367.jpg,YFT
img_05347.jpg,YFT
img_05669.jpg,YFT
img_07217.jpg,YFT
img_05171.jpg,YFT
img_01972.jpg,YFT
img_05282.jpg,YFT
img_05655.jpg,YFT
img_06452.jpg,YFT
img_02075.jpg,YFT
img_01573.jpg,YFT
img_04021.jpg,YFT
img_04113.jpg,YFT
img_07286.jpg,YFT
img_01767.jpg,YFT
img_05765.jpg,YFT
img_03477.jpg,YFT
img_02278.jpg,YFT
img_07069.jpg,YFT
img_03253.jpg,YFT
img_00778.jpg,YFT
img_06406.jpg,YFT
img_05280.jpg,YFT
img_06486.jpg,YFT
img_06464.jpg,YFT
img_05816.jpg,YFT
img_06132.jpg,YFT
img_01492.jpg,YFT
img_07655.jpg,YFT
img_06819.jpg,YFT
img_02438.jpg,YFT
img_05152.jpg,YFT
img_06898.jpg,YFT
img_05632.jpg,YFT
img_03325.jpg,YFT
img_05323.jpg,YFT
img_01201.jpg,YFT
img_07499.jpg,YFT
img_05329.jpg,YFT
img_06535.jpg,YFT
img_05873.jpg,SHARK
img_01324.jpg,SHARK
img_02080.jpg,SHARK
img_06913.jpg,SHARK
img_02271.jpg,SHARK
img_04235.jpg,SHARK
img_06523.jpg,SHARK
img_02088.jpg,SHARK
img_02288.jpg,SHARK
img_04343.jpg,SHARK
img_07533.jpg,SHARK
img_01432.jpg,SHARK
img_06677.jpg,SHARK
img_02718.jpg,SHARK
img_02867.jpg,SHARK
img_06082.jpg,SHARK
img_06000.jpg,SHARK
img_01780.jpg,SHARK
img_06448.jpg,SHARK
img_07392.jpg,SHARK
img_07857.jpg,SHARK
img_00096.jpg,SHARK
img_03712.jpg,SHARK
img_00736.jpg,SHARK
img_02944.jpg,SHARK
img_04618.jpg,SHARK
img_01406.jpg,SHARK
img_04359.jpg,SHARK
img_01759.jpg,SHARK
img_03241.jpg,SHARK
img_00033.jpg,SHARK
img_04131.jpg,SHARK
img_04535.jpg,SHARK
img_05327.jpg,SHARK
img_06595.jpg,SHARK
img_02790.jpg,SHARK
img_04854.jpg,SHARK
img_00600.jpg,SHARK
img_00478.jpg,SHARK
img_07841.jpg,SHARK
img_04050.jpg,SHARK
img_00235.jpg,SHARK
img_06474.jpg,SHARK
img_01795.jpg,SHARK
img_05900.jpg,SHARK
img_07080.jpg,SHARK
img_02224.jpg,SHARK
img_02087.jpg,SHARK
img_05366.jpg,SHARK
img_04791.jpg,SHARK
img_03353.jpg,SHARK
img_04245.jpg,SHARK
img_03170.jpg,SHARK
img_06903.jpg,SHARK
img_07282.jpg,SHARK
img_03131.jpg,SHARK
img_05391.jpg,SHARK
img_01161.jpg,SHARK
img_03983.jpg,SHARK
img_06013.jpg,SHARK
img_04161.jpg,SHARK
img_03976.jpg,SHARK
img_06118.jpg,SHARK
img_00072.jpg,SHARK
img_07556.jpg,SHARK
img_06537.jpg,SHARK
img_05504.jpg,SHARK
img_04710.jpg,SHARK
img_04819.jpg,SHARK
img_05942.jpg,SHARK
img_06467.jpg,SHARK
img_06124.jpg,SHARK
img_07221.jpg,SHARK
img_00560.jpg,SHARK
img_03168.jpg,SHARK
img_05519.jpg,SHARK
img_06956.jpg,SHARK
img_05685.jpg,SHARK
img_02469.jpg,SHARK
img_06821.jpg,SHARK
img_01182.jpg,SHARK
img_03791.jpg,SHARK
img_05399.jpg,SHARK
img_01546.jpg,SHARK
img_00409.jpg,SHARK
img_02624.jpg,SHARK
img_04857.jpg,SHARK
img_00703.jpg,SHARK
img_05257.jpg,SHARK
img_06686.jpg,SHARK
img_03971.jpg,SHARK
img_07484.jpg,SHARK
img_02348.jpg,SHARK
img_02732.jpg,SHARK
img_02478.jpg,SHARK
img_02744.jpg,SHARK
img_01942.jpg,SHARK
img_00903.jpg,SHARK
img_05126.jpg,SHARK
img_04110.jpg,SHARK
img_07860.jpg,SHARK
img_06493.jpg,SHARK
img_01820.jpg,SHARK
img_05367.jpg,DOL
img_06209.jpg,DOL
img_07212.jpg,DOL
img_05635.jpg,DOL
img_05462.jpg,DOL
img_02267.jpg,DOL
img_01311.jpg,DOL
img_03997.jpg,DOL
img_02210.jpg,DOL
img_03922.jpg,DOL
img_00165.jpg,DOL
img_06952.jpg,DOL
img_05934.jpg,DOL
img_05557.jpg,DOL
img_00678.jpg,DOL
img_07898.jpg,DOL
img_05923.jpg,DOL
img_00770.jpg,DOL
img_00734.jpg,DOL
img_01185.jpg,DOL
img_05294.jpg,DOL
img_05782.jpg,DOL
img_05444.jpg,DOL
img_06204.jpg,DOL
img_06297.jpg,DOL
img_06442.jpg,DOL
img_01232.jpg,DOL
img_04760.jpg,DOL
img_01042.jpg,DOL
img_07693.jpg,DOL
img_04614.jpg,DOL
img_06644.jpg,DOL
img_01812.jpg,DOL
img_05971.jpg,DOL
img_06579.jpg,DOL
img_03727.jpg,DOL
img_01608.jpg,DOL
img_06117.jpg,DOL
img_03546.jpg,DOL
img_04824.jpg,DOL
img_05485.jpg,DOL
img_00733.jpg,DOL
img_03296.jpg,DOL
img_06768.jpg,DOL
img_06244.jpg,DOL
img_05054.jpg,DOL
img_02100.jpg,DOL
img_06671.jpg,DOL
img_01757.jpg,DOL
img_00325.jpg,DOL
img_07643.jpg,DOL
img_02926.jpg,DOL
img_02752.jpg,DOL
img_07557.jpg,DOL
img_01512.jpg,LAG
img_04279.jpg,LAG
img_04734.jpg,LAG
img_04199.jpg,LAG
img_06224.jpg,LAG
img_02533.jpg,LAG
img_07774.jpg,LAG
img_04414.jpg,LAG
img_00091.jpg,LAG
img_06713.jpg,LAG
img_07919.jpg,LAG
img_02608.jpg,LAG
img_05386.jpg,LAG
img_07269.jpg,LAG
img_05966.jpg,LAG
img_03611.jpg,LAG
img_01457.jpg,LAG
img_04953.jpg,LAG
img_02758.jpg,LAG
img_07176.jpg,LAG
img_04741.jpg,LAG
img_05005.jpg,LAG
img_02042.jpg,LAG
img_01766.jpg,LAG
img_06223.jpg,LAG
img_07087.jpg,LAG
img_00784.jpg,LAG
img_07010.jpg,LAG
img_02694.jpg,LAG
img_01221.jpg,LAG
img_06536.jpg,LAG
img_03771.jpg,LAG
img_05081.jpg,LAG
img_05945.jpg,LAG
img_03052.jpg,LAG
img_07142.jpg,LAG
img_07817.jpg,LAG
img_04678.jpg,LAG
img_04297.jpg,LAG
img_02089.jpg,LAG
img_01118.jpg,BET
img_07601.jpg,NoF
img_04906.jpg,NoF
img_03302.jpg,NoF
img_05190.jpg,NoF
img_07351.jpg,NoF
img_06515.jpg,NoF
img_05984.jpg,NoF
img_05073.jpg,NoF
img_05625.jpg,NoF
img_03542.jpg,NoF
img_05866.jpg,NoF
img_05891.jpg,NoF
img_05998.jpg,NoF
img_00651.jpg,NoF
img_06750.jpg,NoF
img_00748.jpg,NoF
img_07198.jpg,NoF
img_00413.jpg,NoF
img_01297.jpg,NoF
img_06874.jpg,NoF
img_04197.jpg,NoF
img_07362.jpg,NoF
img_05398.jpg,NoF
img_06266.jpg,NoF
img_03434.jpg,NoF
img_05880.jpg,NoF
img_07364.jpg,NoF
img_03091.jpg,NoF
img_01383.jpg,NoF
img_03494.jpg,NoF
img_06222.jpg,NoF
img_05875.jpg,NoF
img_06047.jpg,NoF
img_04971.jpg,NoF
img_02357.jpg,NoF
img_00766.jpg,NoF
img_02716.jpg,NoF
img_07598.jpg,NoF
img_03887.jpg,NoF
img_07102.jpg,NoF
img_01588.jpg,NoF
img_03240.jpg,NoF
img_06248.jpg,NoF
img_07339.jpg,NoF
img_05455.jpg,NoF
img_02345.jpg,NoF
img_00471.jpg,NoF
img_00926.jpg,NoF
img_03536.jpg,NoF
img_07584.jpg,NoF
img_03691.jpg,NoF
img_06256.jpg,NoF
img_02158.jpg,NoF
img_00084.jpg,NoF
img_02015.jpg,NoF
img_03332.jpg,NoF
img_02461.jpg,NoF
img_06398.jpg,NoF
img_05542.jpg,NoF
img_06596.jpg,NoF
img_04071.jpg,NoF
img_04216.jpg,NoF
img_02731.jpg,NoF
img_06628.jpg,NoF
img_00062.jpg,NoF
img_00658.jpg,NoF
img_07837.jpg,NoF
img_00390.jpg,NoF
img_06953.jpg,NoF
img_05534.jpg,NoF
img_03783.jpg,NoF
img_04462.jpg,NoF
img_00818.jpg,NoF
img_06908.jpg,NoF
img_03916.jpg,NoF
img_06889.jpg,NoF
img_04785.jpg,NoF
img_05050.jpg,NoF
img_05360.jpg,NoF
img_01461.jpg,NoF
img_01094.jpg,NoF
img_03972.jpg,NoF
img_06839.jpg,NoF
img_01892.jpg,NoF
img_02650.jpg,NoF
img_06601.jpg,NoF
img_04842.jpg,NoF
img_06910.jpg,NoF
img_01714.jpg,NoF
img_04886.jpg,NoF
img_01504.jpg,NoF
img_03187.jpg,NoF
img_01626.jpg,NoF
img_06083.jpg,NoF
img_05130.jpg,NoF
img_06176.jpg,ALB
img_01683.jpg,ALB
img_02437.jpg,ALB
img_00741.jpg,ALB
img_07155.jpg,ALB
img_02253.jpg,ALB
img_00782.jpg,ALB
img_04086.jpg,ALB
img_01890.jpg,ALB
img_05511.jpg,ALB
img_03141.jpg,ALB
img_01287.jpg,ALB
img_02433.jpg,ALB
img_04220.jpg,ALB
img_04983.jpg,ALB
img_01367.jpg,ALB
img_03499.jpg,ALB
img_05734.jpg,ALB
img_05518.jpg,ALB
img_02190.jpg,ALB
img_04400.jpg,ALB
img_02034.jpg,ALB
img_04706.jpg,ALB
img_05419.jpg,ALB
img_06043.jpg,ALB
img_02151.jpg,ALB
img_02471.jpg,ALB
img_05396.jpg,ALB
img_00300.jpg,ALB
img_04997.jpg,ALB
img_04206.jpg,ALB
img_02436.jpg,ALB
img_05684.jpg,ALB
img_03099.jpg,ALB
img_01306.jpg,ALB
img_07869.jpg,ALB
img_06589.jpg,ALB
img_01823.jpg,ALB
img_02729.jpg,ALB
img_00294.jpg,ALB
img_00881.jpg,ALB
img_06018.jpg,ALB
img_01028.jpg,ALB
img_07669.jpg,ALB
img_00291.jpg,ALB
img_01826.jpg,ALB
img_05247.jpg,ALB
img_00895.jpg,ALB
img_06229.jpg,ALB
img_04755.jpg,ALB
img_07150.jpg,ALB
img_00592.jpg,ALB
img_03463.jpg,ALB
img_03730.jpg,ALB
img_06991.jpg,ALB
img_00319.jpg,ALB
img_04378.jpg,ALB
img_01744.jpg,ALB
img_01014.jpg,ALB
img_03482.jpg,ALB
img_06864.jpg,ALB
img_02286.jpg,ALB
img_04609.jpg,ALB
img_03642.jpg,ALB
img_00595.jpg,ALB
img_07030.jpg,ALB
img_07604.jpg,ALB
img_05985.jpg,ALB
img_06844.jpg,ALB
img_03516.jpg,ALB
img_06458.jpg,ALB
img_05148.jpg,ALB
img_00215.jpg,ALB
img_03250.jpg,ALB
img_01433.jpg,ALB
img_01786.jpg,ALB
img_05818.jpg,ALB
img_02192.jpg,ALB
img_00546.jpg,ALB
img_04412.jpg,ALB
img_00236.jpg,ALB
img_02174.jpg,ALB
img_04474.jpg,ALB
img_05204.jpg,ALB
img_04877.jpg,ALB
img_07035.jpg,ALB
img_07454.jpg,ALB
img_01985.jpg,ALB
img_07768.jpg,ALB
img_02418.jpg,ALB
img_02948.jpg,ALB
img_03307.jpg,ALB
img_02862.jpg,ALB
img_06057.jpg,ALB
img_01009.jpg,ALB
img_05235.jpg,ALB
img_05806.jpg,ALB
img_05390.jpg,ALB
img_02950.jpg,ALB
img_05980.jpg,ALB
img_01466.jpg,ALB
img_03570.jpg,ALB
img_00840.jpg,ALB
img_05883.jpg,ALB
img_00728.jpg,ALB
img_07755.jpg,ALB
img_04786.jpg,ALB
img_00403.jpg,ALB
img_07670.jpg,ALB
img_04765.jpg,YFT
img_00572.jpg,YFT
img_02113.jpg,YFT
img_02121.jpg,YFT
img_01959.jpg,YFT
img_06660.jpg,YFT
img_05066.jpg,YFT
img_07595.jpg,YFT
img_00047.jpg,YFT
img_04801.jpg,YFT
img_04319.jpg,YFT
img_06754.jpg,YFT
img_07166.jpg,YFT
img_05395.jpg,YFT
img_02785.jpg,YFT
img_07537.jpg,ALB
img_04973.jpg,ALB
img_06711.jpg,ALB
img_00653.jpg,ALB
img_03466.jpg,ALB
img_00074.jpg,ALB
img_07031.jpg,ALB
img_00421.jpg,ALB
img_03698.jpg,ALB
img_00747.jpg,ALB
img_03251.jpg,ALB
img_01690.jpg,ALB
img_00742.jpg,ALB
img_04346.jpg,ALB
img_03153.jpg,ALB
img_03985.jpg,ALB
img_07178.jpg,ALB
img_01788.jpg,ALB
img_02018.jpg,ALB
img_01941.jpg,ALB
img_00665.jpg,ALB
img_02250.jpg,ALB
img_05803.jpg,ALB
img_00341.jpg,ALB
img_05884.jpg,ALB
img_00425.jpg,ALB
img_05637.jpg,ALB
img_05373.jpg,ALB
img_06143.jpg,ALB
img_02901.jpg,ALB
img_06963.jpg,ALB
img_03344.jpg,ALB
img_04090.jpg,ALB
img_05135.jpg,ALB
img_06271.jpg,YFT
img_07759.jpg,YFT
img_05506.jpg,YFT
img_01410.jpg,YFT
img_01532.jpg,YFT
img_02585.jpg,YFT
img_01610.jpg,YFT
img_02199.jpg,YFT
img_00890.jpg,YFT
img_06415.jpg,YFT
img_02934.jpg,YFT
img_03950.jpg,YFT
img_06666.jpg,YFT
img_03136.jpg,YFT
img_01007.jpg,YFT
img_04947.jpg,YFT
img_04367.jpg,YFT
img_00739.jpg,YFT
img_00752.jpg,YFT
img_07747.jpg,YFT
img_03607.jpg,YFT
img_02806.jpg,YFT
img_05417.jpg,YFT
img_02756.jpg,YFT
img_02730.jpg,YFT
img_07742.jpg,YFT
img_05748.jpg,BET
img_04327.jpg,BET
img_05240.jpg,BET
img_06384.jpg,BET
img_01725.jpg,BET
img_02115.jpg,BET
img_06825.jpg,BET
img_05841.jpg,BET
img_01350.jpg,BET
img_05848.jpg,BET
img_03759.jpg,BET
img_07164.jpg,BET
img_05314.jpg,BET
img_00107.jpg,BET
img_02818.jpg,BET
img_01933.jpg,BET
img_06772.jpg,BET
img_03173.jpg,NoF
img_03583.jpg,NoF
img_02232.jpg,NoF
img_03194.jpg,NoF
img_05636.jpg,NoF
img_06803.jpg,NoF
img_07881.jpg,NoF
img_02325.jpg,NoF
img_07808.jpg,NoF
img_06478.jpg,NoF
img_03908.jpg,NoF
img_04052.jpg,NoF
img_06116.jpg,NoF
img_04106.jpg,NoF
img_07096.jpg,ALB
img_06727.jpg,ALB
img_04308.jpg,ALB
img_05859.jpg,ALB
img_06942.jpg,ALB
img_07450.jpg,ALB
img_00313.jpg,YFT
img_05122.jpg,YFT
